country,continent,year,lifeExp,pop,gdpPercap
S1,S1,1,439.337,1,1
S1,S1,2,438.58,9240934,2
S1,S1,3,438.58,10267083,3
S1,S1,4,438.708,11537966,4
S1,S1,5,438.708,13079460,5
S1,S1,6,439.155,14880372,6
S1,S1,7,439.155,12881816,7
S1,S1,8,438.978,13867957,8
S1,S1,9,438.978,16317921,9
S1,S1,10,438.776,22227415,10
S1,S1,11,438.776,25268405,11
S1,S1,12,438.847,31889923,12
S1,S1,13,438.847,1282697,13
S1,S1,14,439.444,1476505,14
S1,S1,15,439.444,1728137,15
S1,S1,16,439.037,1984060,16
S1,S1,17,439.037,2263554,17
S1,S1,18,439.411,2509048,18
S1,S1,19,439.411,2780097,19
S1,S1,20,439.153,3075321,20
S1,S1,21,439.153,3326498,21
S1,S1,22,439.035,3428038,22
S1,S1,23,439.035,3508512,23
S1,S1,24,439.292,3600523,24
S1,S1,25,439.292,9279525,25
S1,S1,26,439.163,10270856,26
S1,S1,27,439.163,11000948,27
S1,S1,28,438.91,12760499,28
S1,S1,29,438.91,14760787,29
S1,S1,30,439.036,17152804,30
S1,S1,31,439.036,20033753,31
S1,S1,32,438.374,23254956,32
S1,S1,33,438.374,26298373,33
S1,S1,34,438.869,29072015,34
S1,S1,35,438.869,31287142,35
S1,S1,36,438.914,33333216,36
S1,S1,37,438.914,4232095,37
S1,S1,38,439.126,4561361,38
S1,S1,39,439.126,4826015,39
S1,S1,40,439.061,5247469,40
S1,S1,41,439.061,5894858,41
S1,S1,42,439.499,6162675,42
S1,S1,43,439.499,7016384,43
S1,S1,44,439.334,7874230,44
S1,S1,45,439.334,8735988,45
S1,S1,46,439.333,9875024,46
S1,S1,47,439.333,10866106,47
S1,S1,48,439.327,12420476,48
S1,S1,49,439.327,17876956,49
S1,S1,50,439.209,19610538,50
S1,S1,51,439.209,21283783,51
S1,S1,52,439.142,22934225,52
S1,S1,53,439.142,24779799,53
S1,S1,54,438.816,26983828,54
S1,S1,55,438.816,29341374,55
S1,S1,56,438.394,31620918,56
S1,S1,57,438.394,33958947,57
S1,S1,58,438.835,36203463,58
S1,S1,59,438.835,38331121,59
S1,S1,60,438.551,40301927,60
S1,S1,61,438.551,8691212,61
S1,S1,62,439.129,9712569,62
S1,S1,63,439.129,10794968,63
S1,S1,64,439.139,11872264,64
S1,S1,65,439.139,13177000,65
S1,S1,66,439.114,14074100,66
S1,S1,67,439.114,15184200,67
S1,S1,68,438.752,16257249,68
S1,S1,69,438.752,17481977,69
S1,S1,70,438.429,18565243,70
S1,S1,71,438.429,19546792,71
S1,S1,72,438.394,20434176,72
S1,S1,73,438.394,6927772,73
S1,S1,74,438.56,6965860,74
S1,S1,75,438.56,7129864,75
S1,S1,76,438.827,7376998,76
S1,S1,77,438.827,7544201,77
S1,S1,78,438.902,7568430,78
S1,S1,79,438.902,7574613,79
S1,S1,80,438.257,7578903,80
S1,S1,81,438.257,7914969,81
S1,S1,82,438.565,8069876,82
S1,S1,83,438.565,8148312,83
S1,S1,84,438.815,8199783,84
S1,S1,85,438.815,120447,85
S1,S1,86,439.162,138655,86
S1,S1,87,439.162,171863,87
S1,S1,88,439.061,202182,88
S1,S1,89,439.061,230800,89
S1,S1,90,438.951,297410,90
S1,S1,91,438.951,377967,91
S1,S1,92,438.674,454612,92
S1,S1,93,438.674,529491,93
S1,S1,94,438.839,598561,94
S1,S1,95,438.839,656397,95
S1,S1,96,438.443,708573,96
S1,S1,97,438.443,46886859,97
S1,S1,98,438.803,51365468,98
S1,S1,99,438.803,56839289,99
S1,S1,100,438.892,62821884,100
S1,S1,101,438.892,70759295,101
S1,S1,102,438.792,80428306,102
S1,S1,103,438.792,93074406,103
S1,S1,104,437.77,103764241,104
S1,S1,105,437.77,113704579,105
S1,S1,106,438.781,123315288,106
S1,S1,107,438.781,135656790,107
S1,S1,108,438.95,150448339,108
S1,S1,109,438.95,8730405,109
S1,S1,110,439.043,8989111,110
S1,S1,111,439.043,9218400,111
S1,S1,112,438.985,9556500,112
S1,S1,113,438.985,9709100,113
S1,S1,114,438.915,9821800,114
S1,S1,115,438.915,9856303,115
S1,S1,116,438.691,9870200,116
S1,S1,117,438.691,10045622,117
S1,S1,118,438.61,10199787,118
S1,S1,119,438.61,10311970,119
S1,S1,120,437.883,10392226,120
S1,S1,121,437.883,1738315,121
S1,S1,122,438.531,1925173,122
S1,S1,123,438.531,2151895,123
S1,S1,124,438.228,2427334,124
S1,S1,125,438.228,2761407,125
S1,S1,126,438.727,3168267,126
S1,S1,127,438.727,3641603,127
S1,S1,128,438.796,4243788,128
S1,S1,129,438.796,4981671,129
S1,S1,130,438.917,6066080,130
S1,S1,131,438.917,7026113,131
S1,S1,132,439.048,8078314,132
S1,S1,133,439.048,2883315,133
S1,S1,134,439.064,3211738,134
S1,S1,135,439.064,3593918,135
S1,S1,136,438.932,4040665,136
S1,S1,137,438.932,4565872,137
S1,S1,138,438.831,5079716,138
S1,S1,139,438.831,5642224,139
S1,S1,140,438.898,6156369,140
S1,S1,141,438.898,6893451,141
S1,S1,142,438.666,7693188,142
S1,S1,143,438.666,8445134,143
S1,S1,144,438.415,9119152,144
S1,S1,145,438.415,2791000,145
S1,S1,146,438.308,3076000,146
S1,S1,147,438.308,3349000,147
S1,S1,148,438.298,3585000,148
S1,S1,149,438.298,3819000,149
S1,S1,150,438.681,4086000,150
S1,S1,151,438.681,4172693,151
S1,S1,152,438.762,4338977,152
S1,S1,153,438.762,4256013,153
S1,S1,154,438.745,3607000,154
S1,S1,155,438.745,4165416,155
S1,S1,156,438.668,4552198,156
S1,S1,157,438.668,442308,157
S1,S1,158,438.928,474639,158
S1,S1,159,438.928,512764,159
S1,S1,160,438.763,553541,160
S1,S1,161,438.763,619351,161
S1,S1,162,438.801,781472,162
S1,S1,163,438.801,970347,163
S1,S1,164,438.488,1151184,164
S1,S1,165,438.488,1342614,165
S1,S1,166,438.826,1536536,166
S1,S1,167,438.826,1630347,167
S1,S1,168,438.131,1639131,168
S1,S1,169,438.131,56602560,169
S1,S1,170,439.029,65551171,170
S1,S1,171,439.029,76039390,171
S1,S1,172,438.422,88049823,172
S1,S1,173,438.422,100840058,173
S1,S1,174,438.748,114313951,174
S1,S1,175,438.748,128962939,175
S1,S1,176,438.688,142938076,176
S1,S1,177,438.688,155975974,177
S1,S1,178,438.946,168546719,178
S1,S1,179,438.946,179914212,179
S1,S1,180,438.524,190010647,180
S1,S1,181,438.524,7274900,181
S1,S1,182,438.525,7651254,182
S1,S1,183,438.525,8012946,183
S1,S1,184,438.347,8310226,184
S1,S1,185,438.347,8576200,185
S1,S1,186,438.269,8797022,186
S1,S1,187,438.269,8892098,187
S1,S1,188,438.34,8971958,188
S1,S1,189,438.34,8658506,189
S1,S1,190,438.754,8066057,190
S1,S1,191,438.754,7661799,191
S1,S1,192,438.625,7322858,192
S1,S1,193,438.625,4469979,193
S1,S1,194,438.83,4713416,194
S1,S1,195,438.83,4919632,195
S1,S1,196,438.648,5127935,196
S1,S1,197,438.648,5433886,197
S1,S1,198,438.571,5889574,198
S1,S1,199,438.571,6634596,199
S1,S1,200,438.786,7586551,200
S1,S1,201,438.786,8878303,201
S1,S1,202,438.775,10352843,202
S1,S1,203,438.775,12251209,203
S1,S1,204,438.586,14326203,204
S1,S1,205,438.586,2445618,205
S1,S1,206,438.194,2667518,206
S1,S1,207,438.194,2961915,207
S1,S1,208,439.001,3330989,208
S1,S1,209,439.001,3529983,209
S1,S1,210,439.2,3834415,210
S1,S1,211,439.2,4580410,211
S1,S1,212,438.041,5126023,212
S1,S1,213,438.041,5809236,213
S1,S1,214,436.418,6121610,214
S1,S1,215,436.418,7021078,215
S1,S1,216,435.997,8390505,216
S1,S1,217,435.997,4693836,217
S1,S1,218,436.083,5322536,218
S1,S1,219,436.083,6083619,219
S1,S1,220,437.521,6960067,220
S1,S1,221,437.521,7450606,221
S1,S1,222,438.713,6978607,222
S1,S1,223,438.713,7272485,223
S1,S1,224,438.597,8371791,224
S1,S1,225,438.597,10150094,225
S1,S1,226,438.458,11782962,226
S1,S1,227,438.458,12926707,227
S1,S1,228,438.568,14131858,228
S1,S1,229,438.568,5009067,229
S1,S1,230,438.878,5359923,230
S1,S1,231,438.878,5793633,231
S1,S1,232,438.851,6335506,232
S1,S1,233,438.851,7021028,233
S1,S1,234,437.573,7959865,234
S1,S1,235,437.573,9250831,235
S1,S1,236,436.314,10780667,236
S1,S1,237,436.314,12467171,237
S1,S1,238,435.228,14195809,238
S1,S1,239,435.228,15929988,239
S1,S1,240,433.205,17696293,240
S1,S1,241,433.205,14785584,241
S1,S1,242,431.967,17010154,242
S1,S1,243,431.967,18985849,243
S1,S1,244,431.855,20819767,244
S1,S1,245,431.855,22284500,245
S1,S1,246,432.034,23796400,246
S1,S1,247,432.034,25201900,247
S1,S1,248,431.9,26549700,248
S1,S1,249,431.9,28523502,249
S1,S1,250,431.309,30305843,250
S1,S1,251,431.309,31902268,251
S1,S1,252,431.029,33390141,252
S1,S1,253,431.029,1291695,253
S1,S1,254,430.812,1392284,254
S1,S1,255,430.812,1523478,255
S1,S1,256,430.937,1733638,256
S1,S1,257,430.937,1927260,257
S1,S1,258,432.507,2167533,258
S1,S1,259,432.507,2476971,259
S1,S1,260,433.807,2840009,260
S1,S1,261,433.807,3265124,261
S1,S1,262,435.377,3696513,262
S1,S1,263,435.377,4048013,263
S1,S1,264,436.616,4369038,264
S1,S1,265,436.616,2682462,265
S1,S1,266,437.899,2894855,266
S1,S1,267,437.899,3150417,267
S1,S1,268,439.029,3495967,268
S1,S1,269,439.029,3899068,269
S1,S1,270,439.351,4388260,270
S1,S1,271,439.351,4875118,271
S1,S1,272,439.38,5498955,272
S1,S1,273,439.38,6429417,273
S1,S1,274,438.048,7562011,274
S1,S1,275,438.048,8835739,275
S1,S1,276,437.348,10238807,276
S1,S1,277,437.348,6377619,277
S1,S1,278,438.644,7048426,278
S1,S1,279,438.644,7961258,279
S1,S1,280,439.156,8858908,280
S1,S1,281,439.156,9717524,281
S1,S1,282,439.513,10599793,282
S1,S1,283,439.513,11487112,283
S1,S1,284,439.425,12463354,284
S1,S1,285,439.425,13572994,285
S1,S1,286,439.166,14599929,286
S1,S1,287,439.166,15497046,287
S1,S1,288,438.277,16284741,288
S1,S1,289,438.277,556263527,289
S1,S1,290,438.695,637408000,290
S1,S1,291,438.695,665770000,291
S1,S1,292,438.785,754550000,292
S1,S1,293,438.785,862030000,293
S1,S1,294,439.009,943455000,294
S1,S1,295,439.009,1000281000,295
S1,S1,296,439.133,1084035000,296
S1,S1,297,439.133,1164970000,297
S1,S1,298,438.78,1230075000,298
S1,S1,299,438.78,1280400000,299
S1,S1,300,438.854,1318683096,300
S1,S1,301,438.854,12350771,301
S1,S1,302,438.642,14485993,302
S1,S1,303,438.642,17009885,303
S1,S1,304,438.584,19764027,304
S1,S1,305,438.584,22542890,305
S1,S1,306,438.639,25094412,306
S1,S1,307,438.639,27764644,307
S1,S1,308,438.937,30964245,308
S1,S1,309,438.937,34202721,309
S1,S1,310,439.066,37657830,310
S1,S1,311,439.066,41008227,311
S1,S1,312,439.021,44227550,312
S1,S1,313,439.021,153936,313
S1,S1,314,439.295,170928,314
S1,S1,315,439.295,191689,315
S1,S1,316,439.421,217378,316
S1,S1,317,439.421,250027,317
S1,S1,318,439.334,304739,318
S1,S1,319,439.334,348643,319
S1,S1,320,439.009,395114,320
S1,S1,321,439.009,454429,321
S1,S1,322,438.879,527982,322
S1,S1,323,438.879,614382,323
S1,S1,324,439.002,710960,324
S1,S1,325,439.002,14100005,325
S1,S1,326,439.252,15577932,326
S1,S1,327,439.252,17486434,327
S1,S1,328,438.612,19941073,328
S1,S1,329,438.612,23007669,329
S1,S1,330,438.425,26480870,330
S1,S1,331,438.425,30646495,331
S1,S1,332,438.68,35481645,332
S1,S1,333,438.68,41672143,333
S1,S1,334,438.473,47798986,334
S1,S1,335,438.473,55379852,335
S1,S1,336,438.951,64606759,336
S1,S1,337,438.951,854885,337
S1,S1,338,439.184,940458,338
S1,S1,339,439.184,1047924,339
S1,S1,340,439.089,1179760,340
S1,S1,341,439.089,1340458,341
S1,S1,342,439.322,1536769,342
S1,S1,343,439.322,1774735,343
S1,S1,344,439.194,2064095,344
S1,S1,345,439.194,2409073,345
S1,S1,346,438.894,2800947,346
S1,S1,347,438.894,3328795,347
S1,S1,348,438.91,3800610,348
S1,S1,349,438.91,926317,349
S1,S1,350,438.8,1112300,350
S1,S1,351,438.8,1345187,351
S1,S1,352,438.512,1588717,352
S1,S1,353,438.512,1834796,353
S1,S1,354,438.622,2108457,354
S1,S1,355,438.622,2424367,355
S1,S1,356,438.509,2799811,356
S1,S1,357,438.509,3173216,357
S1,S1,358,438.764,3518107,358
S1,S1,359,438.764,3834934,359
S1,S1,360,438.333,4133884,360
S1,S1,361,438.333,2977019,361
S1,S1,362,438.4,3300000,362
S1,S1,363,438.4,3832408,363
S1,S1,364,438.646,4744870,364
S1,S1,365,438.646,6071696,365
S1,S1,366,439.128,7459574,366
S1,S1,367,439.128,9025951,367
S1,S1,368,439.161,10761098,368
S1,S1,369,439.161,12772596,369
S1,S1,370,438.456,14625967,370
S1,S1,371,438.456,16252726,371
S1,S1,372,438.516,18013409,372
S1,S1,373,438.516,3882229,373
S1,S1,374,438.512,3991242,374
S1,S1,375,438.512,4076557,375
S1,S1,376,438.593,4174366,376
S1,S1,377,438.593,4225310,377
S1,S1,378,438.909,4318673,378
S1,S1,379,438.909,4413368,379
S1,S1,380,438.48,4484310,380
S1,S1,381,438.48,4494013,381
S1,S1,382,438.364,4444595,382
S1,S1,383,438.364,4481020,383
S1,S1,384,438.42,4493312,384
S1,S1,385,438.42,6007797,385
S1,S1,386,438.686,6640752,386
S1,S1,387,438.686,7254373,387
S1,S1,388,438.805,8139332,388
S1,S1,389,438.805,8831348,389
S1,S1,390,439.183,9537988,390
S1,S1,391,439.183,9789224,391
S1,S1,392,439.343,10239839,392
S1,S1,393,439.343,10723260,393
S1,S1,394,439.195,10983007,394
S1,S1,395,439.195,11226999,395
S1,S1,396,439.297,11416987,396
S1,S1,397,439.297,9125183,397
S1,S1,398,439.231,9513758,398
S1,S1,399,439.231,9620282,399
S1,S1,400,439.241,9835109,400
S1,S1,401,439.241,9862158,401
S1,S1,402,439.212,10161915,402
S1,S1,403,439.212,10303704,403
S1,S1,404,439.266,10311597,404
S1,S1,405,439.266,10315702,405
S1,S1,406,439.271,10300707,406
S1,S1,407,439.271,10256295,407
S1,S1,408,439.36,10228744,408
S1,S1,409,439.36,4334000,409
S1,S1,410,438.477,4487831,410
S1,S1,411,438.477,4646899,411
S1,S1,412,438.295,4838800,412
S1,S1,413,438.295,4991596,413
S1,S1,414,438.001,5088419,414
S1,S1,415,438.001,5117810,415
S1,S1,416,438.978,5127024,416
S1,S1,417,438.978,5171393,417
S1,S1,418,438.884,5283663,418
S1,S1,419,438.884,5374693,419
S1,S1,420,439.149,5468120,420
S1,S1,421,439.149,63149,421
S1,S1,422,439.395,71851,422
S1,S1,423,439.395,89898,423
S1,S1,424,439.07,127617,424
S1,S1,425,439.07,178848,425
S1,S1,426,439.279,228694,426
S1,S1,427,439.279,305991,427
S1,S1,428,439.136,311025,428
S1,S1,429,439.136,384156,429
S1,S1,430,439.267,417908,430
S1,S1,431,439.267,447416,431
S1,S1,432,439.471,496374,432
S1,S1,433,439.471,2491346,433
S1,S1,434,439.383,2923186,434
S1,S1,435,439.383,3453434,435
S1,S1,436,439.429,4049146,436
S1,S1,437,439.429,4671329,437
S1,S1,438,439.556,5302800,438
S1,S1,439,439.556,5968349,439
S1,S1,440,439.5,6655297,440
S1,S1,441,439.5,7351181,441
S1,S1,442,439.344,7992357,442
S1,S1,443,439.344,8650322,443
S1,S1,444,439.257,9319622,444
S1,S1,445,439.257,3548753,445
S1,S1,446,439.432,4058385,446
S1,S1,447,439.432,4681707,447
S1,S1,448,439.339,5432424,448
S1,S1,449,439.339,6298651,449
S1,S1,450,439.412,7278866,450
S1,S1,451,439.412,8365850,451
S1,S1,452,439.231,9545158,452
S1,S1,453,439.231,10748394,453
S1,S1,454,439.239,11911819,454
S1,S1,455,439.239,12921234,455
S1,S1,456,439.138,13755680,456
S1,S1,457,439.138,22223309,457
S1,S1,458,439.361,25009741,458
S1,S1,459,439.361,28173309,459
S1,S1,460,439.021,31681188,460
S1,S1,461,439.021,34807417,461
S1,S1,462,438.002,38783863,462
S1,S1,463,438.002,45681811,463
S1,S1,464,439.26,52799062,464
S1,S1,465,439.26,59402198,465
S1,S1,466,439.873,66134291,466
S1,S1,467,439.873,73312559,467
S1,S1,468,439.779,80264543,468
S1,S1,469,439.779,2042865,469
S1,S1,470,439.69,2355805,470
S1,S1,471,439.69,2747687,471
S1,S1,472,439.521,3232927,472
S1,S1,473,439.521,3790903,473
S1,S1,474,439.436,4282586,474
S1,S1,475,439.436,4474873,475
S1,S1,476,439.182,4842194,476
S1,S1,477,439.182,5274649,477
S1,S1,478,439.339,5783439,478
S1,S1,479,439.339,6353681,479
S1,S1,480,439.509,6939688,480
S1,S1,481,439.509,216964,481
S1,S1,482,439.366,232922,482
S1,S1,483,439.366,249220,483
S1,S1,484,439.312,259864,484
S1,S1,485,439.312,277603,485
S1,S1,486,439.335,192675,486
S1,S1,487,439.335,285483,487
S1,S1,488,438.729,341244,488
S1,S1,489,438.729,387838,489
S1,S1,490,439.179,439971,490
S1,S1,491,439.179,495627,491
S1,S1,492,439.121,551201,492
S1,S1,493,439.121,1438760,493
S1,S1,494,439.581,1542611,494
S1,S1,495,439.581,1666618,495
S1,S1,496,439.225,1820319,496
S1,S1,497,439.225,2260187,497
S1,S1,498,438.786,2512642,498
S1,S1,499,438.786,2637297,499
S1,S1,500,438.66,2915959,500
S1,S1,501,438.66,3668440,501
S1,S1,502,438.579,4058319,502
S1,S1,503,438.579,4414865,503
S1,S1,504,437.939,4906585,504
S1,S1,505,437.939,20860941,505
S1,S1,506,438.424,22815614,506
S1,S1,507,438.424,25145372,507
S1,S1,508,438.226,27860297,508
S1,S1,509,438.226,30770372,509
S1,S1,510,438.666,34617799,510
S1,S1,511,438.666,38111756,511
S1,S1,512,438.636,42999530,512
S1,S1,513,438.636,52088559,513
S1,S1,514,439.34,59861301,514
S1,S1,515,439.34,67946797,515
S1,S1,516,439.34,76511887,516
S1,S1,517,439.541,4090500,517
S1,S1,518,439.514,4324000,518
S1,S1,519,439.514,4491443,519
S1,S1,520,439.551,4605744,520
S1,S1,521,439.551,4639657,521
S1,S1,522,439.051,4738902,522
S1,S1,523,439.051,4826933,523
S1,S1,524,439.194,4931729,524
S1,S1,525,439.194,5041039,525
S1,S1,526,439.328,5134406,526
S1,S1,527,439.328,5193039,527
S1,S1,528,439.257,5238460,528
S1,S1,529,439.257,42459667,529
S1,S1,530,439.423,44310863,530
S1,S1,531,439.423,47124000,531
S1,S1,532,439.218,49569000,532
S1,S1,533,439.218,51732000,533
S1,S1,534,439.246,53165019,534
S1,S1,535,439.246,54433565,535
S1,S1,536,439.246,55630100,536
S1,S1,537,439.307,57374179,537
S1,S1,538,439.307,58623428,538
S1,S1,539,439.343,59925035,539
S1,S1,540,439.22,61083916,540
S1,S1,541,439.22,420702,541
S1,S1,542,439.282,434904,542
S1,S1,543,439.282,455661,543
S1,S1,544,439.235,489004,544
S1,S1,545,439.235,537977,545
S1,S1,546,439.005,706367,546
S1,S1,547,439.005,753874,547
S1,S1,548,438.956,880397,548
S1,S1,549,438.956,985739,549
S1,S1,550,439.351,1126189,550
S1,S1,551,439.351,1299304,551
S1,S1,552,439.217,1454867,552
S1,S1,553,439.217,284320,553
S1,S1,554,439.273,323150,554
S1,S1,555,439.273,374020,555
S1,S1,556,439.417,439593,556
S1,S1,557,439.417,517101,557
S1,S1,558,439.006,608274,558
S1,S1,559,439.006,715523,559
S1,S1,560,439.233,848406,560
S1,S1,561,439.233,1025384,561
S1,S1,562,439.288,1235767,562
S1,S1,563,439.288,1457766,563
S1,S1,564,439.272,1688359,564
S1,S1,565,439.272,69145952,565
S1,S1,566,439.109,71019069,566
S1,S1,567,439.109,73739117,567
S1,S1,568,439.132,76368453,568
S1,S1,569,439.132,78717088,569
S1,S1,570,439.037,78160773,570
S1,S1,571,439.037,78335266,571
S1,S1,572,439.003,77718298,572
S1,S1,573,439.003,80597764,573
S1,S1,574,438.677,82011073,574
S1,S1,575,438.677,82350671,575
S1,S1,576,439.071,82400996,576
S1,S1,577,439.071,5581001,577
S1,S1,578,439.023,6391288,578
S1,S1,579,439.023,7355248,579
S1,S1,580,438.949,8490213,580
S1,S1,581,438.949,9354120,581
S1,S1,582,437.488,10538093,582
S1,S1,583,437.488,11400338,583
S1,S1,584,436.485,14168101,584
S1,S1,585,436.485,16278738,585
S1,S1,586,436.751,18418288,586
S1,S1,587,436.751,20550751,587
S1,S1,588,437.922,22873338,588
S1,S1,589,437.922,7733250,589
S1,S1,590,438.885,8096218,590
S1,S1,591,438.885,8448233,591
S1,S1,592,439.376,8716441,592
S1,S1,593,439.376,8888628,593
S1,S1,594,439.699,9308479,594
S1,S1,595,439.699,9786480,595
S1,S1,596,439.406,9974490,596
S1,S1,597,439.406,10325429,597
S1,S1,598,439.47,10502372,598
S1,S1,599,439.47,10603863,599
S1,S1,600,439.426,10706290,600
S1,S1,601,439.426,3146381,601
S1,S1,602,439.364,3640876,602
S1,S1,603,439.364,4208858,603
S1,S1,604,439.162,4690773,604
S1,S1,605,439.162,5149581,605
S1,S1,606,439.312,5703430,606
S1,S1,607,439.312,6395630,607
S1,S1,608,439.637,7326406,608
S1,S1,609,439.637,8486949,609
S1,S1,610,439.629,9803875,610
S1,S1,611,439.629,11178650,611
S1,S1,612,439.522,12572928,612
S1,S1,613,439.522,2664249,613
S1,S1,614,439.536,2876726,614
S1,S1,615,439.536,3140003,615
S1,S1,616,439.113,3451418,616
S1,S1,617,439.113,3811387,617
S1,S1,618,438.918,4227026,618
S1,S1,619,438.918,4710497,619
S1,S1,620,437.671,5650262,620
S1,S1,621,437.671,6990574,621
S1,S1,622,437.827,8048834,622
S1,S1,623,437.827,8807818,623
S1,S1,624,438.875,9947814,624
S1,S1,625,438.875,580653,625
S1,S1,626,440.194,601095,626
S1,S1,627,440.194,627820,627
S1,S1,628,439.528,601287,628
S1,S1,629,439.528,625361,629
S1,S1,630,439.46,745228,630
S1,S1,631,439.46,825987,631
S1,S1,632,439.453,927524,632
S1,S1,633,439.453,1050938,633
S1,S1,634,439.161,1193708,634
S1,S1,635,439.161,1332459,635
S1,S1,636,439.164,1472041,636
S1,S1,637,439.164,3201488,637
S1,S1,638,439.144,3507701,638
S1,S1,639,439.144,3880130,639
S1,S1,640,439.042,4318137,640
S1,S1,641,439.042,4698301,641
S1,S1,642,439.156,4908554,642
S1,S1,643,439.156,5198399,643
S1,S1,644,439.271,5756203,644
S1,S1,645,439.271,6326682,645
S1,S1,646,439.161,6913545,646
S1,S1,647,439.161,7607651,647
S1,S1,648,439.224,8502814,648
S1,S1,649,439.224,1517453,649
S1,S1,650,439.217,1770390,650
S1,S1,651,439.217,2090162,651
S1,S1,652,439.237,2500689,652
S1,S1,653,439.237,2965146,653
S1,S1,654,438.783,3055235,654
S1,S1,655,438.783,3669448,655
S1,S1,656,438.726,4372203,656
S1,S1,657,438.726,5077347,657
S1,S1,658,438.432,5867957,658
S1,S1,659,438.432,6677328,659
S1,S1,660,438.347,7483763,660
S1,S1,661,438.347,2125900,661
S1,S1,662,439.222,2736300,662
S1,S1,663,439.222,3305200,663
S1,S1,664,438.761,3722800,664
S1,S1,665,438.761,4115700,665
S1,S1,666,439.077,4583700,666
S1,S1,667,439.077,5264500,667
S1,S1,668,438.974,5584510,668
S1,S1,669,438.974,5829696,669
S1,S1,670,438.835,6495918,670
S1,S1,671,438.835,6762476,671
S1,S1,672,438.914,6980412,672
S1,S1,673,438.914,9504000,673
S1,S1,674,438.859,9839000,674
S1,S1,675,438.859,10063000,675
S1,S1,676,438.541,10223422,676
S1,S1,677,438.541,10394091,677
S1,S1,678,438.979,10637171,678
S1,S1,679,438.979,10705535,679
S1,S1,680,439.262,10612740,680
S1,S1,681,439.262,10348684,681
S1,S1,682,439.768,10244684,682
S1,S1,683,439.768,10083313,683
S1,S1,684,439.961,9956108,684
S1,S1,685,439.961,147962,685
S1,S1,686,439.784,165110,686
S1,S1,687,439.784,182053,687
S1,S1,688,439.645,198676,688
S1,S1,689,439.645,209275,689
S1,S1,690,439.476,221823,690
S1,S1,691,439.476,233997,691
S1,S1,692,439.459,244676,692
S1,S1,693,439.459,259012,693
S1,S1,694,439.44,271192,694
S1,S1,695,439.44,288030,695
S1,S1,696,439.368,301931,696
S1,S1,697,439.368,372000000,697
S1,S1,698,439.075,409000000,698
S1,S1,699,439.075,454000000,699
S1,S1,700,439.44,506000000,700
S1,S1,701,439.44,567000000,701
S1,S1,702,439.612,634000000,702
S1,S1,703,439.612,708000000,703
S1,S1,704,439.585,788000000,704
S1,S1,705,439.585,872000000,705
S1,S1,706,439.642,959000000,706
S1,S1,707,439.642,1034172547,707
S1,S1,708,438.783,1110396331,708
S1,S1,709,438.783,82052000,709
S1,S1,710,438.131,90124000,710
S1,S1,711,438.131,99028000,711
S1,S1,712,438.318,109343000,712
S1,S1,713,438.318,121282000,713
S1,S1,714,438.793,136725000,714
S1,S1,715,438.793,153343000,715
S1,S1,716,439.791,169276000,716
S1,S1,717,439.791,184816000,717
S1,S1,718,439.784,199278000,718
S1,S1,719,439.784,211060000,719
S1,S1,720,439.745,223547000,720
S1,S1,721,439.745,17272000,721
S1,S1,722,439.695,19792000,722
S1,S1,723,439.695,22874000,723
S1,S1,724,439.496,26538000,724
S1,S1,725,439.496,30614000,725
S1,S1,726,439.652,35480679,726
S1,S1,727,439.652,43072751,727
S1,S1,728,439.643,51889696,728
S1,S1,729,439.643,60397973,729
S1,S1,730,439.629,63327987,730
S1,S1,731,439.629,66907826,731
S1,S1,732,439.572,69453570,732
S1,S1,733,439.572,5441766,733
S1,S1,734,439.567,6248643,734
S1,S1,735,439.567,7240260,735
S1,S1,736,439.414,8519282,736
S1,S1,737,439.414,10061506,737
S1,S1,738,439.451,11882916,738
S1,S1,739,439.451,14173318,739
S1,S1,740,439.235,16543189,740
S1,S1,741,439.235,17861905,741
S1,S1,742,439.609,20775703,742
S1,S1,743,439.609,24001816,743
S1,S1,744,439.229,27499638,744
S1,S1,745,439.229,2952156,745
S1,S1,746,439.341,2878220,746
S1,S1,747,439.341,2830000,747
S1,S1,748,439.446,2900100,748
S1,S1,749,439.446,3024400,749
S1,S1,750,439.32,3271900,750
S1,S1,751,439.32,3480000,751
S1,S1,752,439.081,3539900,752
S1,S1,753,439.081,3557761,753
S1,S1,754,438.49,3667233,754
S1,S1,755,438.49,3879155,755
S1,S1,756,437.597,4109086,756
S1,S1,757,437.597,1620914,757
S1,S1,758,436.702,1944401,758
S1,S1,759,436.702,2310904,759
S1,S1,760,437.13,2693585,760
S1,S1,761,437.13,3095893,761
S1,S1,762,439.268,3495918,762
S1,S1,763,439.268,3858421,763
S1,S1,764,440.036,4203148,764
S1,S1,765,440.036,4936550,765
S1,S1,766,439.763,5531387,766
S1,S1,767,439.763,6029529,767
S1,S1,768,439.455,6426679,768
S1,S1,769,439.455,47666000,769
S1,S1,770,439.357,49182000,770
S1,S1,771,439.357,50843200,771
S1,S1,772,439.368,52667100,772
S1,S1,773,439.368,54365564,773
S1,S1,774,439.186,56059245,774
S1,S1,775,439.186,56535636,775
S1,S1,776,439.186,56729703,776
S1,S1,777,439.355,56840847,777
S1,S1,778,439.355,57479469,778
S1,S1,779,439.209,57926999,779
S1,S1,780,439.226,58147733,780
S1,S1,781,439.226,1426095,781
S1,S1,782,439.345,1535090,782
S1,S1,783,439.345,1665128,783
S1,S1,784,438.998,1861096,784
S1,S1,785,438.998,1997616,785
S1,S1,786,439.038,2156814,786
S1,S1,787,439.038,2298309,787
S1,S1,788,439.038,2326606,788
S1,S1,789,438.853,2378618,789
S1,S1,790,438.306,2531311,790
S1,S1,791,438.306,2664659,791
S1,S1,792,438.306,2780132,792
S1,S1,793,437.871,86459025,793
S1,S1,794,438.834,91563009,794
S1,S1,795,438.834,95831757,795
S1,S1,796,438.33,100825279,796
S1,S1,797,438.33,107188273,797
S1,S1,798,438.33,113872473,798
S1,S1,799,439.011,118454974,799
S1,S1,800,439.011,122091325,800
S1,S1,801,439.573,124329269,801
S1,S1,802,439.573,125956499,802
S1,S1,803,439.388,127065841,803
S1,S1,804,439.503,127467972,804
S1,S1,805,439.503,607914,805
S1,S1,806,439.26,746559,806
S1,S1,807,439.26,933559,807
S1,S1,808,438.748,1255058,808
S1,S1,809,438.748,1613551,809
S1,S1,810,438.5,1937652,810
S1,S1,811,438.5,2347031,811
S1,S1,812,438.802,2820042,812
S1,S1,813,438.802,3867409,813
S1,S1,814,439.059,4526235,814
S1,S1,815,439.059,5307470,815
S1,S1,816,439.458,6053193,816
S1,S1,817,439.458,6464046,817
S1,S1,818,439.472,7454779,818
S1,S1,819,439.472,8678557,819
S1,S1,820,439.43,10191512,820
S1,S1,821,439.43,12044785,821
S1,S1,822,439.285,14500404,822
S1,S1,823,439.285,17661452,823
S1,S1,824,438.589,21198082,824
S1,S1,825,438.589,25020539,825
S1,S1,826,438.508,28263827,826
S1,S1,827,438.508,31386842,827
S1,S1,828,438.298,35610177,828
S1,S1,829,438.298,8865488,829
S1,S1,830,439.036,9411381,830
S1,S1,831,439.036,10917494,831
S1,S1,832,439.08,12617009,832
S1,S1,833,439.08,14781241,833
S1,S1,834,438.354,16325320,834
S1,S1,835,438.354,17647518,835
S1,S1,836,438.363,19067554,836
S1,S1,837,438.363,20711375,837
S1,S1,838,439.029,21585105,838
S1,S1,839,439.029,22215365,839
S1,S1,840,439.63,23301725,840
S1,S1,841,439.63,20947571,841
S1,S1,842,439.673,22611552,842
S1,S1,843,439.673,26420307,843
S1,S1,844,439.655,30131000,844
S1,S1,845,439.655,33505000,845
S1,S1,846,439.59,36436000,846
S1,S1,847,439.59,39326000,847
S1,S1,848,439.404,41622000,848
S1,S1,849,439.404,43805450,849
S1,S1,850,439.357,46173816,850
S1,S1,851,439.357,47969150,851
S1,S1,852,439.357,49044790,852
S1,S1,853,439.221,160000,853
S1,S1,854,439.043,212846,854
S1,S1,855,439.043,358266,855
S1,S1,856,439.043,575003,856
S1,S1,857,439.321,841934,857
S1,S1,858,439.321,1140357,858
S1,S1,859,439.203,1497494,859
S1,S1,860,439.203,1891487,860
S1,S1,861,439.333,1418095,861
S1,S1,862,439.333,1765345,862
S1,S1,863,439.313,2111561,863
S1,S1,864,439.313,2505559,864
S1,S1,865,439.247,1439529,865
S1,S1,866,439.247,1647412,866
S1,S1,867,439.153,1886848,867
S1,S1,868,439.153,2186894,868
S1,S1,869,439.083,2680018,869
S1,S1,870,439.083,3115787,870
S1,S1,871,439.197,3086876,871
S1,S1,872,439.384,3089353,872
S1,S1,873,439.384,3219994,873
S1,S1,874,439.085,3430388,874
S1,S1,875,439.085,3677780,875
S1,S1,876,439.114,3921278,876
S1,S1,877,439.114,748747,877
S1,S1,878,438.103,813338,878
S1,S1,879,438.103,893143,879
S1,S1,880,438.882,996380,880
S1,S1,881,438.882,1116779,881
S1,S1,882,439.14,1251524,882
S1,S1,883,439.14,1411807,883
S1,S1,884,439.397,1599200,884
S1,S1,885,439.397,1803195,885
S1,S1,886,439.498,1982823,886
S1,S1,887,439.498,2046772,887
S1,S1,888,438.76,2012649,888
S1,S1,889,438.76,863308,889
S1,S1,890,438.602,975950,890
S1,S1,891,438.602,1112796,891
S1,S1,892,438.767,1279406,892
S1,S1,893,438.767,1482628,893
S1,S1,894,439.173,1703617,894
S1,S1,895,439.173,1956875,895
S1,S1,896,439.386,2269414,896
S1,S1,897,439.386,1912974,897
S1,S1,898,439.388,2200725,898
S1,S1,899,439.388,2814651,899
S1,S1,900,439.388,3193942,900
S1,S1,901,439.359,1019729,901
S1,S1,902,439.359,1201578,902
S1,S1,903,439.391,1441863,903
S1,S1,904,439.391,1759224,904
S1,S1,905,439.532,2183877,905
S1,S1,906,439.532,2721783,906
S1,S1,907,439.204,3344074,907
S1,S1,908,439.204,3799845,908
S1,S1,909,438.967,4364501,909
S1,S1,910,438.967,4759670,910
S1,S1,911,438.913,5368585,911
S1,S1,912,438.913,6036914,912
S1,S1,913,439.379,4762912,913
S1,S1,914,439.379,5181679,914
S1,S1,915,439.487,5703324,915
S1,S1,916,439.487,6334556,916
S1,S1,917,439.359,7082430,917
S1,S1,918,439.359,8007166,918
S1,S1,919,438.986,9171477,919
S1,S1,920,438.986,10568642,920
S1,S1,921,438.376,12210395,921
S1,S1,922,438.376,14165114,922
S1,S1,923,437.676,16473477,923
S1,S1,924,437.72,19167654,924
S1,S1,925,437.72,2917802,925
S1,S1,926,437.72,3221238,926
S1,S1,927,438.859,3628608,927
S1,S1,928,438.859,4147252,928
S1,S1,929,439.928,4730997,929
S1,S1,930,439.928,5637246,930
S1,S1,931,439.391,6502825,931
S1,S1,932,439.391,7824747,932
S1,S1,933,439.515,10014249,933
S1,S1,934,439.252,10419991,934
S1,S1,935,439.252,11824495,935
S1,S1,936,439.252,13327079,936
S1,S1,937,439.229,6748378,937
S1,S1,938,439.229,7739235,938
S1,S1,939,438.959,8906385,939
S1,S1,940,438.895,10154878,940
S1,S1,941,438.895,11441462,941
S1,S1,942,438.761,12845381,942
S1,S1,943,438.761,14441916,943
S1,S1,944,438.152,16331785,944
S1,S1,945,438.152,18319502,945
S1,S1,946,438.152,20476091,946
S1,S1,947,437.931,22662365,947
S1,S1,948,437.954,24821286,948
S1,S1,949,437.954,3838168,949
S1,S1,950,437.974,4241884,950
S1,S1,951,437.974,4690372,951
S1,S1,952,437.837,5212416,952
S1,S1,953,437.837,5828158,953
S1,S1,954,438.2,6491649,954
S1,S1,955,438.2,6998256,955
S1,S1,956,438.637,7634008,956
S1,S1,957,438.637,8416215,957
S1,S1,958,438.637,9384984,958
S1,S1,959,438.952,10580176,959
S1,S1,960,438.952,12031795,960
S1,S1,961,439.021,1022556,961
S1,S1,962,439.021,1076852,962
S1,S1,963,438.919,1146757,963
S1,S1,964,438.919,1230542,964
S1,S1,965,438.867,1332786,965
S1,S1,966,438.867,1456688,966
S1,S1,967,438.891,1622136,967
S1,S1,968,438.891,1841240,968
S1,S1,969,438.793,2119465,969
S1,S1,970,438.793,2444741,970
S1,S1,971,438.831,2828858,971
S1,S1,972,438.918,3270065,972
S1,S1,973,438.918,516556,973
S1,S1,974,438.926,609816,974
S1,S1,975,438.926,701016,975
S1,S1,976,438.926,789309,976
S1,S1,977,438.952,851334,977
S1,S1,978,438.944,913025,978
S1,S1,979,438.944,992040,979
S1,S1,980,438.98,1042663,980
S1,S1,981,438.98,1096202,981
S1,S1,982,439.088,1149818,982
S1,S1,983,439.088,1200206,983
S1,S1,984,439.088,1250882,984
S1,S1,985,438.985,30144317,985
S1,S1,986,438.985,35015548,986
S1,S1,987,438.976,41121485,987
S1,S1,988,438.976,47995559,988
S1,S1,989,438.911,55984294,989
S1,S1,990,438.911,63759976,990
S1,S1,991,438.863,71640904,991
S1,S1,992,438.783,80122492,992
S1,S1,993,438.783,88111030,993
S1,S1,994,438.647,95895146,994
S1,S1,995,438.647,102479927,995
S1,S1,996,438.527,108700891,996
S1,S1,997,438.527,800663,997
S1,S1,998,438.527,882134,998
S1,S1,999,438.313,1010280,999
S1,S1,1000,438.313,1149500,1000
S1,S1,1001,438.163,1320500,1001
S1,S1,1002,438.124,1528000,1002
S1,S1,1003,438.124,1756032,1003
S1,S1,1004,437.938,2015133,1004
S1,S1,1005,437.938,2312802,1005
S1,S1,1006,437.938,2494803,1006
S1,S1,1007,438.134,2674234,1007
S1,S1,1008,438.134,2874127,1008
S1,S1,1009,438.522,413834,1009
S1,S1,1010,438.522,442829,1010
S1,S1,1011,438.75,474528,1011
S1,S1,1012,438.897,501035,1012
S1,S1,1013,438.897,527678,1013
S1,S1,1014,438.522,560073,1014
S1,S1,1015,438.522,562548,1015
S1,S1,1016,438.522,569473,1016
S1,S1,1017,438.425,621621,1017
S1,S1,1018,438.425,692651,1018
S1,S1,1019,438.145,720230,1019
S1,S1,1020,438.145,684736,1020
S1,S1,1021,438.019,9939217,1021
S1,S1,1022,438.019,11406350,1022
S1,S1,1023,438.279,13056604,1023
S1,S1,1024,438.229,14770296,1024
S1,S1,1025,438.229,16660670,1025
S1,S1,1026,438.229,18396941,1026
S1,S1,1027,438.036,20198730,1027
S1,S1,1028,438.036,22987397,1028
S1,S1,1029,438.12,25798239,1029
S1,S1,1030,438.12,28529501,1030
S1,S1,1031,438.309,31167783,1031
S1,S1,1032,438.252,33757175,1032
S1,S1,1033,438.252,6446316,1033
S1,S1,1034,438.158,7038035,1034
S1,S1,1035,438.158,7788944,1035
S1,S1,1036,438.282,8680909,1036
S1,S1,1037,438.282,9809596,1037
S1,S1,1038,438.276,11127868,1038
S1,S1,1039,438.276,12587223,1039
S1,S1,1040,437.698,12891952,1040
S1,S1,1041,437.698,13160731,1041
S1,S1,1042,437.698,16603334,1042
S1,S1,1043,437.553,18473780,1043
S1,S1,1044,437.553,19951656,1044
S1,S1,1045,436.947,20092996,1045
S1,S1,1046,437.108,21731844,1046
S1,S1,1047,437.108,23634436,1047
S1,S1,1048,437.108,25870271,1048
S1,S1,1049,438.726,28466390,1049
S1,S1,1050,439.205,31528087,1050
S1,S1,1051,439.205,34680442,1051
S1,S1,1052,438.983,38028578,1052
S1,S1,1053,438.983,40546538,1053
S1,S1,1054,438.825,43247867,1054
S1,S1,1055,438.825,45598081,1055
S1,S1,1056,438.643,47761980,1056
S1,S1,1057,438.643,485831,1057
S1,S1,1058,438.773,548080,1058
S1,S1,1059,438.773,621392,1059
S1,S1,1060,439.168,706640,1060
S1,S1,1061,439.168,821782,1061
S1,S1,1062,439.168,977026,1062
S1,S1,1063,439.5,1099010,1063
S1,S1,1064,438.97,1278184,1064
S1,S1,1065,438.97,1554253,1065
S1,S1,1066,438.873,1774766,1066
S1,S1,1067,438.873,1972153,1067
S1,S1,1068,438.851,2055080,1068
S1,S1,1069,438.851,9182536,1069
S1,S1,1070,438.658,9682338,1070
S1,S1,1071,438.658,10332057,1071
S1,S1,1072,437.798,11261690,1072
S1,S1,1073,437.798,12412593,1073
S1,S1,1074,437.911,13933198,1074
S1,S1,1075,437.911,15796314,1075
S1,S1,1076,438.154,17917180,1076
S1,S1,1077,438.154,20326209,1077
S1,S1,1078,438.154,23001113,1078
S1,S1,1079,438.215,25873917,1079
S1,S1,1080,438.215,28901790,1080
S1,S1,1081,438.555,10381988,1081
S1,S1,1082,438.555,11026383,1082
S1,S1,1083,438.669,11805689,1083
S1,S1,1084,438.731,12596822,1084
S1,S1,1085,438.731,13329874,1085
S1,S1,1086,438.731,13852989,1086
S1,S1,1087,439.053,14310401,1087
S1,S1,1088,439.053,14665278,1088
S1,S1,1089,439.072,15174244,1089
S1,S1,1090,439.072,15604464,1090
S1,S1,1091,438.876,16122830,1091
S1,S1,1092,438.876,16570613,1092
S1,S1,1093,438.972,1994794,1093
S1,S1,1094,438.928,2229407,1094
S1,S1,1095,438.928,2488550,1095
S1,S1,1096,438.878,2728150,1096
S1,S1,1097,438.878,2929100,1097
S1,S1,1098,438.642,3164900,1098
S1,S1,1099,438.642,3210650,1099
S1,S1,1100,438.266,3317166,1100
S1,S1,1101,438.266,3437674,1101
S1,S1,1102,438.185,3676187,1102
S1,S1,1103,438.185,3908037,1103
S1,S1,1104,438.657,4115771,1104
S1,S1,1105,438.657,1165790,1105
S1,S1,1106,438.788,1358828,1106
S1,S1,1107,438.788,1590597,1107
S1,S1,1108,438.859,1865490,1108
S1,S1,1109,438.859,2182908,1109
S1,S1,1110,438.859,2554598,1110
S1,S1,1111,438.772,2979423,1111
S1,S1,1112,438.772,3344353,1112
S1,S1,1113,438.784,4017939,1113
S1,S1,1114,438.784,4609572,1114
S1,S1,1115,438.635,5146848,1115
S1,S1,1116,438.635,5675356,1116
S1,S1,1117,438.636,3379468,1117
S1,S1,1118,438.636,3692184,1118
S1,S1,1119,438.445,4076008,1119
S1,S1,1120,438.445,4534062,1120
S1,S1,1121,438.206,5060262,1121
S1,S1,1122,438.206,5682086,1122
S1,S1,1123,437.945,6437188,1123
S1,S1,1124,438.218,7332638,1124
S1,S1,1125,438.218,8392818,1125
S1,S1,1126,438.491,9666252,1126
S1,S1,1127,438.491,11140655,1127
S1,S1,1128,438.565,12894865,1128
S1,S1,1129,438.565,33119096,1129
S1,S1,1130,439.228,37173340,1130
S1,S1,1131,439.228,41871351,1131
S1,S1,1132,439.171,47287752,1132
S1,S1,1133,439.171,53740085,1133
S1,S1,1134,438.873,62209173,1134
S1,S1,1135,438.873,73039376,1135
S1,S1,1136,438.754,81551520,1136
S1,S1,1137,438.754,93364244,1137
S1,S1,1138,438.526,106207839,1138
S1,S1,1139,438.526,119901274,1139
S1,S1,1140,438.734,135031164,1140
S1,S1,1141,438.734,3327728,1141
S1,S1,1142,438.526,3491938,1142
S1,S1,1143,438.526,3638919,1143
S1,S1,1144,438.716,3786019,1144
S1,S1,1145,438.716,3933004,1145
S1,S1,1146,438.763,4043205,1146
S1,S1,1147,438.763,4114787,1147
S1,S1,1148,438.932,4186147,1148
S1,S1,1149,438.932,4286357,1149
S1,S1,1150,438.932,4405672,1150
S1,S1,1151,438.846,4535591,1151
S1,S1,1152,438.846,4627926,1152
S1,S1,1153,438.828,507833,1153
S1,S1,1154,438.828,561977,1154
S1,S1,1155,438.669,628164,1155
S1,S1,1156,438.669,714775,1156
S1,S1,1157,438.555,829050,1157
S1,S1,1158,438.555,1004533,1158
S1,S1,1159,438.634,1301048,1159
S1,S1,1160,438.617,1593882,1160
S1,S1,1161,438.617,1915208,1161
S1,S1,1162,438.617,2283635,1162
S1,S1,1163,438.769,2713462,1163
S1,S1,1164,438.769,3204897,1164
S1,S1,1165,438.78,41346560,1165
S1,S1,1166,438.78,46679944,1166
S1,S1,1167,438.38,53100671,1167
S1,S1,1168,438.38,60641899,1168
S1,S1,1169,437.733,69325921,1169
S1,S1,1170,437.733,78152686,1170
S1,S1,1171,437.796,91462088,1171
S1,S1,1172,437.796,105186881,1172
S1,S1,1173,438.267,120065004,1173
S1,S1,1174,438.267,135564834,1174
S1,S1,1175,439.07,153403524,1175
S1,S1,1176,439.07,169270617,1176
S1,S1,1177,439.348,940080,1177
S1,S1,1178,439.348,1063506,1178
S1,S1,1179,439.294,1215725,1179
S1,S1,1180,439.294,1405486,1180
S1,S1,1181,438.984,1616384,1181
S1,S1,1182,438.984,1839782,1182
S1,S1,1183,438.988,2036305,1183
S1,S1,1184,438.988,2253639,1184
S1,S1,1185,438.691,2484997,1185
S1,S1,1186,438.691,2734531,1186
S1,S1,1187,438.825,2990875,1187
S1,S1,1188,438.825,3242173,1188
S1,S1,1189,438.852,1555876,1189
S1,S1,1190,438.674,1770902,1190
S1,S1,1191,438.674,2009813,1191
S1,S1,1192,438.674,2287985,1192
S1,S1,1193,438.785,2614104,1193
S1,S1,1194,438.785,2984494,1194
S1,S1,1195,438.393,3366439,1195
S1,S1,1196,438.393,3886512,1196
S1,S1,1197,438.399,4483945,1197
S1,S1,1198,438.399,5154123,1198
S1,S1,1199,438.218,5884491,1199
S1,S1,1200,437.812,6667147,1200
S1,S1,1201,437.812,8025700,1201
S1,S1,1202,437.812,9146100,1202
S1,S1,1203,437.608,10516500,1203
S1,S1,1204,437.602,12132200,1204
S1,S1,1205,437.602,13954700,1205
S1,S1,1206,437.602,15990099,1206
S1,S1,1207,438.456,18125129,1207
S1,S1,1208,438.456,20195924,1208
S1,S1,1209,438.931,22430449,1209
S1,S1,1210,438.931,24748122,1210
S1,S1,1211,439.017,26769436,1211
S1,S1,1212,439.017,28674757,1212
S1,S1,1213,438.816,22438691,1213
S1,S1,1214,438.816,26072194,1214
S1,S1,1215,438.747,30325264,1215
S1,S1,1216,438.747,35356600,1216
S1,S1,1217,438.672,40850141,1217
S1,S1,1218,438.672,46850962,1218
S1,S1,1219,438.613,53456774,1219
S1,S1,1220,438.613,60017788,1220
S1,S1,1221,438.675,67185766,1221
S1,S1,1222,438.675,75012988,1222
S1,S1,1223,438.655,82995088,1223
S1,S1,1224,438.554,91077287,1224
S1,S1,1225,438.554,25730551,1225
S1,S1,1226,438.596,28235346,1226
S1,S1,1227,438.596,30329617,1227
S1,S1,1228,438.596,31785378,1228
S1,S1,1229,438.259,33039545,1229
S1,S1,1230,438.259,34621254,1230
S1,S1,1231,438.431,36227381,1231
S1,S1,1232,438.431,37740710,1232
S1,S1,1233,438.412,38370697,1233
S1,S1,1234,438.42,38654957,1234
S1,S1,1235,438.42,38625976,1235
S1,S1,1236,438.704,38518241,1236
S1,S1,1237,438.704,8526050,1237
S1,S1,1238,438.704,8817650,1238
S1,S1,1239,438.434,9019800,1239
S1,S1,1240,438.434,9103000,1240
S1,S1,1241,438.46,8970450,1241
S1,S1,1242,438.46,9662600,1242
S1,S1,1243,438.592,9859650,1243
S1,S1,1244,438.592,9915289,1244
S1,S1,1245,438.739,9927680,1245
S1,S1,1246,438.739,10156415,1246
S1,S1,1247,438.381,10433867,1247
S1,S1,1248,438.381,10642836,1248
S1,S1,1249,437.884,2227000,1249
S1,S1,1250,437.884,2260000,1250
S1,S1,1251,437.854,2448046,1251
S1,S1,1252,437.854,2648961,1252
S1,S1,1253,438.352,2847132,1253
S1,S1,1254,438.352,3080828,1254
S1,S1,1255,438.514,3279001,1255
S1,S1,1256,438.514,3444468,1256
S1,S1,1257,438.746,3585176,1257
S1,S1,1258,438.746,3759430,1258
S1,S1,1259,438.746,3859606,1259
S1,S1,1260,438.746,3942491,1260
S1,S1,1261,438.564,257700,1261
S1,S1,1262,437.828,308700,1262
S1,S1,1263,437.828,358900,1263
S1,S1,1264,437.828,414024,1264
S1,S1,1265,437.059,461633,1265
S1,S1,1266,437.059,492095,1266
S1,S1,1267,436.128,517810,1267
S1,S1,1268,436.128,562035,1268
S1,S1,1269,434.052,622191,1269
S1,S1,1270,434.052,684810,1270
S1,S1,1271,431.594,743981,1271
S1,S1,1272,431.594,798094,1272
S1,S1,1273,429.976,16630000,1273
S1,S1,1274,429.976,17829327,1274
S1,S1,1275,429.516,18680721,1275
S1,S1,1276,429.516,19284814,1276
S1,S1,1277,429.304,20662648,1277
S1,S1,1278,429.304,21658597,1278
S1,S1,1279,429.408,22356726,1279
S1,S1,1280,429.408,22686371,1280
S1,S1,1281,430.379,22797027,1281
S1,S1,1282,430.379,22562458,1282
S1,S1,1283,432.534,22404337,1283
S1,S1,1284,435.533,22276056,1284
S1,S1,1285,435.533,2534927,1285
S1,S1,1286,435.533,2822082,1286
S1,S1,1287,437.276,3051242,1287
S1,S1,1288,437.276,3451079,1288
S1,S1,1289,438.124,3992121,1289
S1,S1,1290,437.885,4657072,1290
S1,S1,1291,437.885,5507565,1291
S1,S1,1292,437.885,6349365,1292
S1,S1,1293,437.935,7290203,1293
S1,S1,1294,437.462,7212583,1294
S1,S1,1295,437.462,7852401,1295
S1,S1,1296,437.462,8860588,1296
S1,S1,1297,437.379,60011,1297
S1,S1,1298,437.379,61325,1298
S1,S1,1299,437.882,65345,1299
S1,S1,1300,437.882,70787,1300
S1,S1,1301,438.708,76595,1301
S1,S1,1302,438.708,86796,1302
S1,S1,1303,438.922,98593,1303
S1,S1,1304,438.922,110812,1304
S1,S1,1305,438.758,125911,1305
S1,S1,1306,438.758,145608,1306
S1,S1,1307,438.696,170372,1307
S1,S1,1308,438.696,199579,1308
S1,S1,1309,438.592,4005677,1309
S1,S1,1310,438.592,4419650,1310
S1,S1,1311,438.771,4943029,1311
S1,S1,1312,438.771,5618198,1312
S1,S1,1313,438.75,6472756,1313
S1,S1,1314,438.75,8128505,1314
S1,S1,1315,438.667,11254672,1315
S1,S1,1316,438.667,14619745,1316
S1,S1,1317,438.738,16945857,1317
S1,S1,1318,438.738,21229759,1318
S1,S1,1319,438.776,24501530,1319
S1,S1,1320,438.776,27601038,1320
S1,S1,1321,438.814,2755589,1321
S1,S1,1322,438.814,3054547,1322
S1,S1,1323,438.732,3430243,1323
S1,S1,1324,438.732,3965841,1324
S1,S1,1325,438.632,4588696,1325
S1,S1,1326,438.632,5260855,1326
S1,S1,1327,438.431,6147783,1327
S1,S1,1328,438.431,7171347,1328
S1,S1,1329,437.799,8307920,1329
S1,S1,1330,437.671,9535314,1330
S1,S1,1331,437.671,10870037,1331
S1,S1,1332,437.671,12267493,1332
S1,S1,1333,437.772,6860147,1333
S1,S1,1334,437.772,7271135,1334
S1,S1,1335,438.473,7616060,1335
S1,S1,1336,438.473,7971222,1336
S1,S1,1337,438.804,8313288,1337
S1,S1,1338,438.804,8686367,1338
S1,S1,1339,439.098,9032824,1339
S1,S1,1340,439.098,9230783,1340
S1,S1,1341,438.994,9826397,1341
S1,S1,1342,438.994,10336594,1342
S1,S1,1343,438.831,10111559,1343
S1,S1,1344,438.831,10150265,1344
S1,S1,1345,438.79,2143249,1345
S1,S1,1346,438.79,2295678,1346
S1,S1,1347,438.623,2467895,1347
S1,S1,1348,438.623,2662190,1348
S1,S1,1349,438.686,2879013,1349
S1,S1,1350,438.686,3140897,1350
S1,S1,1351,438.63,3464522,1351
S1,S1,1352,438.63,3868905,1352
S1,S1,1353,438.92,4260884,1353
S1,S1,1354,438.92,4578212,1354
S1,S1,1355,439.059,5359092,1355
S1,S1,1356,439.059,6144562,1356
S1,S1,1357,438.931,1127000,1357
S1,S1,1358,438.931,1445929,1358
S1,S1,1359,438.149,1750200,1359
S1,S1,1360,438.149,1977600,1360
S1,S1,1361,437.582,2152400,1361
S1,S1,1362,437.582,2325300,1362
S1,S1,1363,436.637,2651869,1363
S1,S1,1364,436.637,2794552,1364
S1,S1,1365,436.825,3235865,1365
S1,S1,1366,436.825,3802309,1366
S1,S1,1367,438.203,4197776,1367
S1,S1,1368,438.203,4553009,1368
S1,S1,1369,439.595,3558137,1369
S1,S1,1370,439.486,3844277,1370
S1,S1,1371,439.486,4237384,1371
S1,S1,1372,439.486,4442238,1372
S1,S1,1373,439.351,4593433,1373
S1,S1,1374,439.351,4827803,1374
S1,S1,1375,439.274,5048043,1375
S1,S1,1376,439.274,5199318,1376
S1,S1,1377,439.135,5302888,1377
S1,S1,1378,439.135,5383010,1378
S1,S1,1379,438.966,5410052,1379
S1,S1,1380,438.966,5447502,1380
S1,S1,1381,438.922,1489518,1381
S1,S1,1382,438.922,1533070,1382
S1,S1,1383,438.976,1582962,1383
S1,S1,1384,438.976,1646912,1384
S1,S1,1385,439.052,1694510,1385
S1,S1,1386,439.052,1746919,1386
S1,S1,1387,439.059,1861252,1387
S1,S1,1388,439.059,1945870,1388
S1,S1,1389,439.114,1999210,1389
S1,S1,1390,439.114,2011612,1390
S1,S1,1391,439.047,2011497,1391
S1,S1,1392,439.047,2009245,1392
S1,S1,1393,438.58,2526994,1393
S1,S1,1394,438.58,2780415,1394
S1,S1,1395,438.426,3080153,1395
S1,S1,1396,438.426,3428839,1396
S1,S1,1397,438.37,3840161,1397
S1,S1,1398,438.37,4353666,1398
S1,S1,1399,438.518,5828892,1399
S1,S1,1400,438.518,6921858,1400
S1,S1,1401,438.451,6099799,1401
S1,S1,1402,438.451,6633514,1402
S1,S1,1403,438.383,7753310,1403
S1,S1,1404,438.383,9118773,1404
S1,S1,1405,438.687,14264935,1405
S1,S1,1406,438.687,16151549,1406
S1,S1,1407,438.976,18356657,1407
S1,S1,1408,438.976,20997321,1408
S1,S1,1409,439.019,23935810,1409
S1,S1,1410,439.019,27129932,1410
S1,S1,1411,438.902,31140029,1411
S2,S2,1,438.204,35933379,1
S2,S2,2,438.204,39964159,2
S2,S2,3,437.844,42835005,3
S2,S2,4,437.844,44433622,4
S2,S2,5,438.242,43997828,5
S2,S2,6,438.242,28549870,6
S2,S2,7,438.342,29841614,7
S2,S2,8,438.342,31158061,8
S2,S2,9,438.189,32850275,9
S2,S2,10,438.189,34513161,10
S2,S2,11,438.045,36439000,11
S2,S2,12,438.045,37983310,12
S2,S2,13,438.396,38880702,13
S2,S2,14,438.396,39549438,14
S2,S2,15,438.613,39855442,15
S2,S2,16,438.613,40152517,16
S2,S2,17,438.384,40448191,17
S2,S2,18,438.384,7982342,18
S2,S2,19,438.631,9128546,19
S2,S2,20,438.631,10421936,20
S2,S2,21,438.43,11737396,21
S2,S2,22,438.43,13016733,22
S2,S2,23,438.339,14116836,23
S2,S2,24,438.339,15410151,24
S2,S2,25,438.53,16495304,25
S2,S2,26,438.53,17587060,26
S2,S2,27,438.327,18698655,27
S2,S2,28,438.327,19576783,28
S2,S2,29,438.15,20378239,29
S2,S2,30,438.15,8504667,30
S2,S2,31,438.065,9753392,31
S2,S2,32,438.065,11183227,32
S2,S2,33,437.872,12716129,33
S2,S2,34,437.872,14597019,34
S2,S2,35,438.013,17104986,35
S2,S2,36,438.013,20367053,36
S2,S2,37,438.291,24725960,37
S2,S2,38,438.291,28227588,38
S2,S2,39,438.453,32160729,39
S2,S2,40,438.453,37090298,40
S2,S2,41,438.572,42292929,41
S2,S2,42,438.572,290243,42
S2,S2,43,438.692,326741,43
S2,S2,44,438.692,370006,44
S2,S2,45,438.466,420690,45
S2,S2,46,438.466,480105,46
S2,S2,47,438.751,551425,47
S2,S2,48,438.751,649901,48
S2,S2,49,438.612,779348,49
S2,S2,50,438.612,962344,50
S2,S2,51,438.443,1054486,51
S2,S2,52,438.443,1130269,52
S2,S2,53,438.111,1133066,53
S2,S2,54,438.111,7124673,54
S2,S2,55,437.955,7363802,55
S2,S2,56,437.955,7561588,56
S2,S2,57,437.997,7867931,57
S2,S2,58,437.997,8122293,58
S2,S2,59,437.809,8251648,59
S2,S2,60,437.809,8325260,60
S2,S2,61,438.045,8421403,61
S2,S2,62,438.045,8718867,62
S2,S2,63,438.501,8897619,63
S2,S2,64,438.501,8954175,64
S2,S2,65,438.387,9031088,65
S2,S2,66,438.387,4815000,66
S2,S2,67,438.192,5126000,67
S2,S2,68,438.192,5666000,68
S2,S2,69,437.9,6063000,69
S2,S2,70,437.9,6401400,70
S2,S2,71,437.739,6316424,71
S2,S2,72,437.739,6468126,72
S2,S2,73,437.73,6649942,73
S2,S2,74,437.73,6995447,74
S2,S2,75,437.737,7193761,75
S2,S2,76,437.737,7361757,76
S2,S2,77,438.323,7554661,77
S2,S2,78,438.323,3661549,78
S2,S2,79,437.928,4149908,79
S2,S2,80,437.928,4834621,80
S2,S2,81,437.454,5680812,81
S2,S2,82,437.454,6701172,82
S2,S2,83,437.895,7932503,83
S2,S2,84,437.895,9410494,84
S2,S2,85,438.315,11242847,85
S2,S2,86,438.315,13219062,86
S2,S2,87,438.342,15081016,87
S2,S2,88,438.342,17155814,88
S2,S2,89,438.325,19314747,89
S2,S2,90,438.325,8550362,90
S2,S2,91,438.043,10164215,91
S2,S2,92,438.043,11918938,92
S2,S2,93,437.924,13648692,93
S2,S2,94,437.924,15226039,94
S2,S2,95,437.926,16785196,95
S2,S2,96,437.926,18501390,96
S2,S2,97,437.882,19757799,97
S2,S2,98,437.882,20686918,98
S2,S2,99,438.084,21628605,99
S2,S2,100,438.084,22454239,100
S2,S2,101,438.068,23174294,101
S2,S2,102,438.068,8322925,102
S2,S2,103,437.522,9452826,103
S2,S2,104,437.522,10863958,104
S2,S2,105,437.476,12607312,105
S2,S2,106,437.476,14706593,106
S2,S2,107,438.148,17129565,107
S2,S2,108,438.148,19844382,108
S2,S2,109,438.276,23040630,109
S2,S2,110,438.276,26605473,110
S2,S2,111,438.325,30686889,111
S2,S2,112,438.325,34593779,112
S2,S2,113,438.148,38139640,113
S2,S2,114,438.148,21289402,114
S2,S2,115,438.116,25041917,115
S2,S2,116,438.116,29263397,116
S2,S2,117,437.939,34024249,117
S2,S2,118,437.939,39276153,118
S2,S2,119,437.539,44148285,119
S2,S2,120,437.539,48827160,120
S2,S2,121,437.224,52910342,121
S2,S2,122,437.224,56667095,122
S2,S2,123,437.555,60216677,123
S2,S2,124,437.555,62806748,124
S2,S2,125,437.861,65068149,125
S2,S2,126,437.861,1219113,126
S2,S2,127,437.896,1357445,127
S2,S2,128,437.896,1528098,128
S2,S2,129,438.204,1735550,129
S2,S2,130,438.204,2056351,130
S2,S2,131,438.223,2308582,131
S2,S2,132,438.223,2644765,132
S2,S2,133,438.294,3154264,133
S2,S2,134,438.294,3747553,134
S2,S2,135,438.205,4320890,135
S2,S2,136,438.205,4977378,136
S2,S2,137,438.127,5701579,137
S2,S2,138,438.127,662850,138
S2,S2,139,438.061,764900,139
S2,S2,140,438.061,887498,140
S2,S2,141,438.162,960155,141
S2,S2,142,438.162,975199,142
S2,S2,143,437.67,1039009,143
S2,S2,144,437.67,1116479,144
S2,S2,145,437.67,1191336,145
S2,S2,146,437.67,1183669,146
S2,S2,147,437.413,1138101,147
S2,S2,148,437.413,1101832,148
S2,S2,149,437.76,1056608,149
S2,S2,150,437.76,3647735,150
S2,S2,151,437.924,3950849,151
S2,S2,152,437.924,4286552,152
S2,S2,153,438.098,4786986,153
S2,S2,154,438.098,5303507,154
S2,S2,155,437.856,6005061,155
S2,S2,156,437.856,6734098,156
S2,S2,157,438.005,7724976,157
S2,S2,158,438.005,8523077,158
S2,S2,159,438.196,9231669,159
S2,S2,160,438.196,9770575,160
S2,S2,161,437.967,10276158,161
S2,S2,162,437.967,22235677,162
S2,S2,163,437.933,25670939,163
S2,S2,164,437.933,29788695,164
S2,S2,165,437.877,33411317,165
S2,S2,166,437.877,37492953,166
S2,S2,167,437.735,42404033,167
S2,S2,168,437.735,47328791,168
S2,S2,169,437.832,52881328,169
S2,S2,170,437.832,58179144,170
S2,S2,171,437.922,63047647,171
S2,S2,172,437.922,67308928,172
S2,S2,173,437.854,71158647,173
S2,S2,174,437.854,5824797,174
S2,S2,175,437.979,6675501,175
S2,S2,176,437.979,7688797,176
S2,S2,177,438.005,8900294,177
S2,S2,178,438.005,10190285,178
S2,S2,179,438.111,11457758,179
S2,S2,180,438.111,12939400,180
S2,S2,181,437.647,15283050,181
S2,S2,182,437.647,18252190,182
S2,S2,183,437.756,21210254,183
S2,S2,184,437.756,24739869,184
S2,S2,185,437.514,29170398,185
S2,S2,186,437.514,50430000,186
S2,S2,187,437.485,51430000,187
S2,S2,188,437.485,53292000,188
S2,S2,189,437.771,54959000,189
S2,S2,190,437.771,56079000,190
S2,S2,191,438.037,56179000,191
S2,S2,192,438.037,56339704,192
S2,S2,193,437.892,56981620,193
S2,S2,194,437.892,57866349,194
S2,S2,195,438.151,58808266,195
S2,S2,196,438.151,59912431,196
S2,S2,197,437.65,60776238,197
S2,S2,198,437.65,157553000,198
S2,S2,199,438.019,171984000,199
S2,S2,200,438.019,186538000,200
S2,S2,201,438.005,198712000,201
S2,S2,202,438.005,209896000,202
S2,S2,203,437.978,220239000,203
S2,S2,204,437.978,232187835,204
S2,S2,205,437.676,242803533,205
S2,S2,206,437.676,256894189,206
S2,S2,207,437.687,272911760,207
S2,S2,208,437.687,287675526,208
S2,S2,209,438.441,301139947,209
S2,S2,210,438.441,2252965,210
S2,S2,211,438.046,2424959,211
S2,S2,212,438.046,2598466,212
S2,S2,213,436.516,2748579,213
S2,S2,214,436.516,2829526,214
S2,S2,215,435.258,2873520,215
S2,S2,216,435.258,2953997,216
S2,S2,217,435.412,3045153,217
S2,S2,218,435.412,3149262,218
S2,S2,219,435.774,3262838,219
S2,S2,220,435.774,3363085,220
S2,S2,221,437.478,3447496,221
S2,S2,222,437.478,5439568,222
S2,S2,223,438.028,6702668,223
S2,S2,224,438.028,8143375,224
S2,S2,225,437.734,9709552,225
S2,S2,226,437.734,11515649,226
S2,S2,227,437.679,13503563,227
S2,S2,228,437.679,15620766,228
S2,S2,229,438.1,17910182,229
S2,S2,230,438.1,20265563,230
S2,S2,231,438.075,22374398,231
S2,S2,232,438.075,24287670,232
S2,S2,233,437.71,26084662,233
S2,S2,234,437.71,26246839,234
S2,S2,235,435.811,28998543,235
S2,S2,236,435.811,33796140,236
S2,S2,237,434.745,39463910,237
S2,S2,238,434.745,44655014,238
S2,S2,239,433.077,50533506,239
S2,S2,240,433.077,56142181,240
S2,S2,241,430.849,62826491,241
S2,S2,242,430.849,69940728,242
S2,S2,243,430.006,76048996,243
S2,S2,244,430.006,80908147,244
S2,S2,245,430.062,85262356,245
S2,S2,246,430.062,1030585,246
S2,S2,247,430.126,1070439,247
S2,S2,248,430.126,1133134,248
S2,S2,249,429.91,1142636,249
S2,S2,250,429.91,1089572,250
S2,S2,251,429.073,1261091,251
S2,S2,252,429.073,1425876,252
S2,S2,253,428.906,1691210,253
S2,S2,254,428.906,2104779,254
S2,S2,255,428.875,2826046,255
S2,S2,256,428.875,3389578,256
S2,S2,257,429.545,4018332,257
S2,S2,258,429.545,4963829,258
S2,S2,259,431.528,5498090,259
S2,S2,260,431.528,6120081,260
S2,S2,261,433.083,6740785,261
S2,S2,262,433.083,7407075,262
S2,S2,263,434.545,8403990,263
S2,S2,264,434.545,9657618,264
S2,S2,265,436.194,11219340,265
S2,S2,266,436.194,13367997,266
S2,S2,267,437.582,15826497,267
S2,S2,268,437.582,18701257,268
S2,S2,269,438.488,22211743,269
S2,S2,270,438.488,2672000,270
S2,S2,271,438.7,3016000,271
S2,S2,272,438.7,3421000,272
S2,S2,273,438.158,3900000,273
S2,S2,274,438.158,4506497,274
S2,S2,275,436.73,5216550,275
S2,S2,276,436.73,6100407,276
S2,S2,277,437.186,7272406,277
S2,S2,278,437.186,8381163,278
S2,S2,279,438.14,9417789,279
S2,S2,280,438.14,10595811,280
S2,S2,281,438.65,11746035,281
S2,S2,282,438.65,3080907,282
S2,S2,283,438.766,3646340,283
S2,S2,284,438.766,4277736,284
S2,S2,285,438.661,4995432,285
S2,S2,286,438.661,5861135,286
S2,S2,287,437.947,6642107,287
S2,S2,288,437.947,7636524,288
S2,S2,289,437.707,9216418,289
S2,S2,290,437.707,10704340,290
S2,S2,291,438,11404948,291
S2,S2,292,438,11926563,292
S2,S2,293,438.141,12311143,293
S2,S2,294,438.141,,294
S2,S2,295,438.383,,295
S2,S2,296,438.383,,296
S2,S2,297,438.253,,297
S2,S2,298,438.253,,298
S2,S2,299,438.113,,299
S2,S2,300,438.113,,300
S2,S2,301,437.945,,301
S2,S2,302,437.945,,302
S2,S2,303,437.903,,303
S2,S2,304,437.903,,304
S2,S2,305,437.915,,305
S2,S2,306,437.915,,306
S2,S2,307,437.976,,307
S2,S2,308,437.976,,308
S2,S2,309,438.306,,309
S2,S2,310,438.306,,310
S2,S2,311,438.323,,311
S2,S2,312,438.323,,312
S2,S2,313,438.303,,313
S2,S2,314,438.303,,314
S2,S2,315,438.76,,315
S2,S2,316,438.76,,316
S2,S2,317,438.661,,317
S2,S2,318,438.661,,318
S2,S2,319,438.439,,319
S2,S2,320,438.439,,320
S2,S2,321,438.151,,321
S2,S2,322,438.151,,322
S2,S2,323,438.178,,323
S2,S2,324,438.178,,324
S2,S2,325,438.399,,325
S2,S2,326,438.399,,326
S2,S2,327,438.403,,327
S2,S2,328,438.403,,328
S2,S2,329,437.587,,329
S2,S2,330,437.587,,330
S2,S2,331,438.092,,331
S2,S2,332,438.092,,332
S2,S2,333,437.655,,333
S2,S2,334,437.655,,334
S2,S2,335,437.845,,335
S2,S2,336,437.845,,336
S2,S2,337,438.485,,337
S2,S2,338,438.485,,338
S2,S2,339,438.304,,339
S2,S2,340,438.304,,340
S2,S2,341,438.564,,341
S2,S2,342,438.564,,342
S2,S2,343,438.594,,343
S2,S2,344,438.594,,344
S2,S2,345,438.313,,345
S2,S2,346,438.313,,346
S2,S2,347,438.087,,347
S2,S2,348,438.087,,348
S2,S2,349,438.202,,349
S2,S2,350,438.202,,350
S2,S2,351,437.947,,351
S2,S2,352,437.947,,352
S2,S2,353,437.872,,353
S2,S2,354,437.872,,354
S2,S2,355,437.635,,355
S2,S2,356,437.635,,356
S2,S2,357,438.177,,357
S2,S2,358,438.177,,358
S2,S2,359,437.648,,359
S2,S2,360,437.648,,360
S2,S2,361,437.746,,361
S2,S2,362,437.746,,362
S2,S2,363,437.649,,363
S2,S2,364,437.649,,364
S2,S2,365,438.171,,365
S2,S2,366,438.171,,366
S2,S2,367,438.567,,367
S2,S2,368,438.567,,368
S2,S2,369,438.164,,369
S2,S2,370,438.164,,370
S2,S2,371,437.637,,371
S2,S2,372,437.637,,372
S2,S2,373,437.824,,373
S2,S2,374,437.824,,374
S2,S2,375,437.663,,375
S2,S2,376,437.663,,376
S2,S2,377,438.073,,377
S2,S2,378,438.073,,378
S2,S2,379,438.054,,379
S2,S2,380,438.054,,380
S2,S2,381,437.62,,381
S2,S2,382,437.62,,382
S2,S2,383,437.647,,383
S2,S2,384,437.647,,384
S2,S2,385,437.711,,385
S2,S2,386,437.711,,386
S2,S2,387,437.937,,387
S2,S2,388,437.937,,388
S2,S2,389,438.467,,389
S2,S2,390,438.467,,390
S2,S2,391,438.446,,391
S2,S2,392,438.446,,392
S2,S2,393,438.561,,393
S2,S2,394,438.561,,394
S2,S2,395,438.447,,395
S2,S2,396,438.447,,396
S2,S2,397,438.5,,397
S2,S2,398,438.5,,398
S2,S2,399,438.559,,399
S2,S2,400,438.559,,400
S2,S2,401,438.461,,401
S2,S2,402,438.461,,402
S2,S2,403,438.395,,403
S2,S2,404,438.395,,404
S2,S2,405,438.518,,405
S2,S2,406,438.518,,406
S2,S2,407,438.567,,407
S2,S2,408,438.567,,408
S2,S2,409,438.205,,409
S2,S2,410,438.205,,410
S2,S2,411,437.486,,411
S2,S2,412,437.486,,412
S2,S2,413,437.463,,413
S2,S2,414,437.463,,414
S2,S2,415,437.655,,415
S2,S2,416,437.655,,416
S2,S2,417,438.155,,417
S2,S2,418,438.155,,418
S2,S2,419,438.211,,419
S2,S2,420,438.211,,420
S2,S2,421,438.612,,421
S2,S2,422,438.612,,422
S2,S2,423,438.45,,423
S2,S2,424,438.45,,424
S2,S2,425,438.392,,425
S2,S2,426,438.392,,426
S2,S2,427,438.488,,427
S2,S2,428,438.488,,428
S2,S2,429,438.321,,429
S2,S2,430,438.321,,430
S2,S2,431,438.599,,431
S2,S2,432,438.599,,432
S2,S2,433,438.609,,433
S2,S2,434,438.609,,434
S2,S2,435,438.658,,435
S2,S2,436,438.658,,436
S2,S2,437,438.713,,437
S2,S2,438,438.713,,438
S2,S2,439,438.789,,439
S2,S2,440,438.789,,440
S2,S2,441,438.632,,441
S2,S2,442,438.632,,442
S2,S2,443,438.453,,443
S2,S2,444,438.453,,444
S2,S2,445,438.628,,445
S2,S2,446,438.628,,446
S2,S2,447,438.499,,447
S2,S2,448,438.499,,448
S2,S2,449,438.572,,449
S2,S2,450,438.572,,450
S2,S2,451,438.7,,451
S2,S2,452,438.7,,452
S2,S2,453,438.432,,453
S2,S2,454,438.432,,454
S2,S2,455,438.556,,455
S2,S2,456,438.556,,456
S2,S2,457,438.257,,457
S2,S2,458,438.257,,458
S2,S2,459,438.732,,459
S2,S2,460,438.732,,460
S2,S2,461,437.254,,461
S2,S2,462,437.254,,462
S2,S2,463,438.023,,463
S2,S2,464,438.023,,464
S2,S2,465,438.777,,465
S2,S2,466,438.777,,466
S2,S2,467,439.083,,467
S2,S2,468,439.083,,468
S2,S2,469,438.898,,469
S2,S2,470,438.898,,470
S2,S2,471,438.831,,471
S2,S2,472,438.831,,472
S2,S2,473,438.713,,473
S2,S2,474,438.713,,474
S2,S2,475,438.543,,475
S2,S2,476,438.543,,476
S2,S2,477,438.42,,477
S2,S2,478,438.42,,478
S2,S2,479,438.762,,479
S2,S2,480,438.762,,480
S2,S2,481,438.563,,481
S2,S2,482,438.563,,482
S2,S2,483,438.484,,483
S2,S2,484,438.484,,484
S2,S2,485,438.756,,485
S2,S2,486,438.756,,486
S2,S2,487,437.986,,487
S2,S2,488,437.986,,488
S2,S2,489,438.333,,489
S2,S2,490,438.333,,490
S2,S2,491,438.239,,491
S2,S2,492,438.239,,492
S2,S2,493,438.631,,493
S2,S2,494,438.631,,494
S2,S2,495,438.506,,495
S2,S2,496,438.506,,496
S2,S2,497,438.384,,497
S2,S2,498,438.384,,498
S2,S2,499,437.879,,499
S2,S2,500,437.879,,500
S2,S2,501,438.043,,501
S2,S2,502,438.043,,502
S2,S2,503,437.277,,503
S2,S2,504,437.277,,504
S2,S2,505,437.582,,505
S2,S2,506,437.582,,506
S2,S2,507,437.409,,507
S2,S2,508,437.409,,508
S2,S2,509,437.682,,509
S2,S2,510,437.682,,510
S2,S2,511,437.815,,511
S2,S2,512,437.815,,512
S2,S2,513,438.335,,513
S2,S2,514,438.335,,514
S2,S2,515,438.632,,515
S2,S2,516,438.632,,516
S2,S2,517,438.873,,517
S2,S2,518,438.873,,518
S2,S2,519,438.717,,519
S2,S2,520,438.717,,520
S2,S2,521,438.598,,521
S2,S2,522,438.598,,522
S2,S2,523,438.37,,523
S2,S2,524,438.37,,524
S2,S2,525,438.471,,525
S2,S2,526,438.471,,526
S2,S2,527,438.552,,527
S2,S2,528,438.552,,528
S2,S2,529,438.591,,529
S2,S2,530,438.591,,530
S2,S2,531,438.575,,531
S2,S2,532,438.575,,532
S2,S2,533,438.403,,533
S2,S2,534,438.403,,534
S2,S2,535,438.574,,535
S2,S2,536,438.574,,536
S2,S2,537,438.552,,537
S2,S2,538,438.552,,538
S2,S2,539,438.614,,539
S2,S2,540,438.614,,540
S2,S2,541,438.433,,541
S2,S2,542,438.433,,542
S2,S2,543,438.527,,543
S2,S2,544,438.527,,544
S2,S2,545,438.425,,545
S2,S2,546,438.425,,546
S2,S2,547,438.062,,547
S2,S2,548,438.062,,548
S2,S2,549,438.512,,549
S2,S2,550,438.512,,550
S2,S2,551,438.498,,551
S2,S2,552,438.498,,552
S2,S2,553,438.541,,553
S2,S2,554,438.541,,554
S2,S2,555,438.597,,555
S2,S2,556,438.597,,556
S2,S2,557,438.515,,557
S2,S2,558,438.515,,558
S2,S2,559,438.266,,559
S2,S2,560,438.266,,560
S2,S2,561,438.581,,561
S2,S2,562,438.581,,562
S2,S2,563,438.579,,563
S2,S2,564,438.579,,564
S2,S2,565,438.384,,565
S2,S2,566,438.384,,566
S2,S2,567,438.394,,567
S2,S2,568,438.394,,568
S2,S2,569,438.356,,569
S2,S2,570,438.356,,570
S2,S2,571,438.323,,571
S2,S2,572,438.323,,572
S2,S2,573,438.025,,573
S2,S2,574,438.025,,574
S2,S2,575,438.225,,575
S2,S2,576,438.225,,576
S2,S2,577,438.285,,577
S2,S2,578,438.285,,578
S2,S2,579,438.132,,579
S2,S2,580,438.132,,580
S2,S2,581,437.667,,581
S2,S2,582,437.667,,582
S2,S2,583,437.779,,583
S2,S2,584,437.779,,584
S2,S2,585,436.615,,585
S2,S2,586,436.615,,586
S2,S2,587,437.463,,587
S2,S2,588,437.463,,588
S2,S2,589,438.859,,589
S2,S2,590,438.859,,590
S2,S2,591,439.966,,591
S2,S2,592,439.966,,592
S2,S2,593,441.449,,593
S2,S2,594,441.449,,594
S2,S2,595,441.2,,595
S2,S2,596,441.2,,596
S2,S2,597,441.087,,597
S2,S2,598,441.087,,598
S2,S2,599,441.056,,599
S2,S2,600,441.056,,600
S2,S2,601,441.127,,601
S2,S2,602,441.127,,602
S2,S2,603,441.05,,603
S2,S2,604,441.05,,604
S2,S2,605,440.732,,605
S2,S2,606,440.732,,606
S2,S2,607,441.208,,607
S2,S2,608,441.208,,608
S2,S2,609,441.234,,609
S2,S2,610,441.234,,610
S2,S2,611,441.192,,611
S2,S2,612,441.192,,612
S2,S2,613,441.256,,613
S2,S2,614,441.256,,614
S2,S2,615,440.956,,615
S2,S2,616,440.956,,616
S2,S2,617,440.684,,617
S2,S2,618,440.684,,618
S2,S2,619,439.982,,619
S2,S2,620,439.982,,620
S2,S2,621,439.241,,621
S2,S2,622,439.241,,622
S2,S2,623,438.842,,623
S2,S2,624,438.842,,624
S2,S2,625,440.208,,625
S2,S2,626,440.208,,626
S2,S2,627,440.681,,627
S2,S2,628,440.681,,628
S2,S2,629,438.46,,629
S2,S2,630,438.46,,630
S2,S2,631,438.853,,631
S2,S2,632,438.853,,632
S2,S2,633,438.492,,633
S2,S2,634,438.492,,634
S2,S2,635,438.418,,635
S2,S2,636,438.418,,636
S2,S2,637,438.463,,637
S2,S2,638,438.463,,638
S2,S2,639,438.255,,639
S2,S2,640,438.255,,640
S2,S2,641,438.406,,641
S2,S2,642,438.406,,642
S2,S2,643,438.415,,643
S2,S2,644,438.415,,644
S2,S2,645,438.446,,645
S2,S2,646,438.446,,646
S2,S2,647,438.485,,647
S2,S2,648,438.485,,648
S2,S2,649,438.445,,649
S2,S2,650,438.445,,650
S2,S2,651,438.484,,651
S2,S2,652,438.484,,652
S2,S2,653,438.331,,653
S2,S2,654,438.331,,654
S2,S2,655,437.846,,655
S2,S2,656,437.846,,656
S2,S2,657,437.923,,657
S2,S2,658,437.923,,658
S2,S2,659,437.674,,659
S2,S2,660,437.674,,660
S2,S2,661,437.926,,661
S2,S2,662,437.926,,662
S2,S2,663,438.428,,663
S2,S2,664,438.428,,664
S2,S2,665,438.027,,665
S2,S2,666,438.027,,666
S2,S2,667,438.518,,667
S2,S2,668,438.518,,668
S2,S2,669,438.032,,669
S2,S2,670,438.032,,670
S2,S2,671,438.042,,671
S2,S2,672,438.042,,672
S2,S2,673,438.14,,673
S2,S2,674,438.14,,674
S2,S2,675,437.932,,675
S2,S2,676,437.932,,676
S2,S2,677,437.962,,677
S2,S2,678,437.962,,678
S2,S2,679,438.318,,679
S2,S2,680,438.318,,680
S2,S2,681,438.64,,681
S2,S2,682,438.64,,682
S2,S2,683,439.199,,683
S2,S2,684,439.199,,684
S2,S2,685,439.131,,685
S2,S2,686,439.131,,686
S2,S2,687,438.953,,687
S2,S2,688,438.953,,688
S2,S2,689,438.777,,689
S2,S2,690,438.777,,690
S2,S2,691,438.589,,691
S2,S2,692,438.589,,692
S2,S2,693,438.875,,693
S2,S2,694,438.875,,694
S2,S2,695,438.37,,695
S2,S2,696,438.37,,696
S2,S2,697,438.498,,697
S2,S2,698,438.498,,698
S2,S2,699,438.52,,699
S2,S2,700,438.52,,700
S2,S2,701,438.693,,701
S2,S2,702,438.693,,702
S2,S2,703,439.049,,703
S2,S2,704,439.049,,704
S2,S2,705,438.796,,705
S2,S2,706,438.796,,706
S2,S2,707,438.713,,707
S2,S2,708,438.713,,708
S2,S2,709,437.569,,709
S2,S2,710,437.569,,710
S2,S2,711,437.456,,711
S2,S2,712,437.456,,712
S2,S2,713,437.643,,713
S2,S2,714,437.643,,714
S2,S2,715,438.563,,715
S2,S2,716,438.563,,716
S2,S2,717,439.056,,717
S2,S2,718,439.056,,718
S2,S2,719,439.018,,719
S2,S2,720,439.018,,720
S2,S2,721,438.965,,721
S2,S2,722,438.965,,722
S2,S2,723,438.777,,723
S2,S2,724,438.777,,724
S2,S2,725,438.828,,725
S2,S2,726,438.828,,726
S2,S2,727,438.902,,727
S2,S2,728,438.902,,728
S2,S2,729,438.856,,729
S2,S2,730,438.856,,730
S2,S2,731,438.818,,731
S2,S2,732,438.818,,732
S2,S2,733,438.846,,733
S2,S2,734,438.846,,734
S2,S2,735,438.807,,735
S2,S2,736,438.807,,736
S2,S2,737,438.644,,737
S2,S2,738,438.644,,738
S2,S2,739,438.46,,739
S2,S2,740,438.46,,740
S2,S2,741,438.737,,741
S2,S2,742,438.737,,742
S2,S2,743,438.867,,743
S2,S2,744,438.867,,744
S2,S2,745,438.492,,745
S2,S2,746,438.492,,746
S2,S2,747,438.599,,747
S2,S2,748,438.599,,748
S2,S2,749,438.733,,749
S2,S2,750,438.733,,750
S2,S2,751,438.555,,751
S2,S2,752,438.555,,752
S2,S2,753,438.081,,753
S2,S2,754,438.081,,754
S2,S2,755,437.524,,755
S2,S2,756,437.524,,756
S2,S2,757,436.249,,757
S2,S2,758,436.249,,758
S2,S2,759,436.103,,759
S2,S2,760,436.103,,760
S2,S2,761,437.255,,761
S2,S2,762,437.255,,762
S2,S2,763,439.179,,763
S2,S2,764,439.179,,764
S2,S2,765,439.188,,765
S2,S2,766,439.188,,766
S2,S2,767,438.911,,767
S2,S2,768,438.911,,768
S2,S2,769,438.614,,769
S2,S2,770,438.614,,770
S2,S2,771,438.444,,771
S2,S2,772,438.444,,772
S2,S2,773,438.495,,773
S2,S2,774,438.495,,774
S2,S2,775,438.378,,775
S2,S2,776,438.378,,776
S2,S2,777,438.504,,777
S2,S2,778,438.504,,778
S2,S2,779,438.216,,779
S2,S2,780,438.216,,780
S2,S2,781,438.578,,781
S2,S2,782,438.578,,782
S2,S2,783,438.308,,783
S2,S2,784,438.308,,784
S2,S2,785,438.248,,785
S2,S2,786,438.248,,786
S2,S2,787,438.026,,787
S2,S2,788,438.026,,788
S2,S2,789,437.971,,789
S2,S2,790,437.971,,790
S2,S2,791,436.947,,791
S2,S2,792,436.947,,792
S2,S2,793,437.796,,793
S2,S2,794,437.796,,794
S2,S2,795,437.682,,795
S2,S2,796,437.682,,796
S2,S2,797,437.711,,797
S2,S2,798,437.711,,798
S2,S2,799,438.446,,799
S2,S2,800,438.446,,800
S2,S2,801,438.446,,801
S2,S2,802,438.777,,802
S2,S2,803,438.777,,803
S2,S2,804,438.616,,804
S2,S2,805,438.639,,805
S2,S2,806,438.639,,806
S2,S2,807,438.308,,807
S2,S2,808,438.308,,808
S2,S2,809,437.809,,809
S2,S2,810,437.809,,810
S2,S2,811,437.865,,811
S2,S2,812,437.865,,812
S2,S2,813,438.059,,813
S2,S2,814,438.059,,814
S2,S2,815,438.506,,815
S2,S2,816,438.506,,816
S2,S2,817,438.734,,817
S2,S2,818,438.734,,818
S2,S2,819,438.663,,819
S2,S2,820,438.663,,820
S2,S2,821,438.675,,821
S2,S2,822,438.675,,822
S2,S2,823,438.329,,823
S2,S2,824,438.329,,824
S2,S2,825,437.688,,825
S2,S2,826,437.688,,826
S2,S2,827,437.574,,827
S2,S2,828,437.574,,828
S2,S2,829,438.719,,829
S2,S2,830,438.719,,830
S2,S2,831,438.719,,831
S2,S2,832,439.263,,832
S2,S2,833,439.263,,833
S2,S2,834,438.901,,834
S2,S2,835,438.901,,835
S2,S2,836,438.341,,836
S2,S2,837,438.85,,837
S2,S2,838,438.85,,838
S2,S2,839,439.778,,839
S2,S2,840,439.778,,840
S2,S2,841,439.918,,841
S2,S2,842,439.918,,842
S2,S2,843,439.908,,843
S2,S2,844,439.908,,844
S2,S2,845,439.987,,845
S2,S2,846,439.987,,846
S2,S2,847,439.758,,847
S2,S2,848,439.758,,848
S2,S2,849,439.724,,849
S2,S2,850,439.724,,850
S2,S2,851,439.697,,851
S2,S2,852,439.697,,852
S2,S2,853,439.445,,853
S2,S2,854,439.445,,854
S2,S2,855,439.433,,855
S2,S2,856,439.433,,856
S2,S2,857,439.645,,857
S2,S2,858,439.645,,858
S2,S2,859,439.571,,859
S2,S2,860,439.571,,860
S2,S2,861,439.737,,861
S2,S2,862,439.737,,862
S2,S2,863,439.666,,863
S2,S2,864,439.666,,864
S2,S2,865,439.666,,865
S2,S2,866,439.531,,866
S2,S2,867,439.478,,867
S2,S2,868,439.478,,868
S2,S2,869,439.488,,869
S2,S2,870,439.488,,870
S2,S2,871,439.557,,871
S2,S2,872,439.557,,872
S2,S2,873,439.436,,873
S2,S2,874,439.436,,874
S2,S2,875,439.207,,875
S2,S2,876,439.207,,876
S2,S2,877,439.26,,877
S2,S2,878,439.26,,878
S2,S2,879,438.194,,879
S2,S2,880,438.194,,880
S2,S2,881,439.467,,881
S2,S2,882,439.467,,882
S2,S2,883,439.295,,883
S2,S2,884,439.295,,884
S2,S2,885,439.791,,885
S2,S2,886,439.791,,886
S2,S2,887,439.516,,887
S2,S2,888,439.516,,888
S2,S2,889,438.818,,889
S2,S2,890,438.818,,890
S2,S2,891,438.818,,891
S2,S2,892,438.904,,892
S2,S2,893,438.904,,893
S2,S2,894,439.197,,894
S2,S2,895,439.564,,895
S2,S2,896,439.564,,896
S2,S2,897,439.804,,897
S2,S2,898,439.804,,898
S2,S2,899,439.562,,899
S2,S2,900,439.562,,900
S2,S2,901,439.562,,901
S2,S2,902,439.788,,902
S2,S2,903,439.788,,903
S2,S2,904,439.851,,904
S2,S2,905,439.73,,905
S2,S2,906,439.73,,906
S2,S2,907,439.397,,907
S2,S2,908,439.397,,908
S2,S2,909,439.183,,909
S2,S2,910,439.183,,910
S2,S2,911,439.183,,911
S2,S2,912,439.411,,912
S2,S2,913,439.411,,913
S2,S2,914,439.777,,914
S2,S2,915,439.888,,915
S2,S2,916,439.888,,916
S2,S2,917,439.422,,917
S2,S2,918,439.422,,918
S2,S2,919,439.112,,919
S2,S2,920,439.112,,920
S2,S2,921,438.346,,921
S2,S2,922,438.346,,922
S2,S2,923,438.346,,923
S2,S2,924,438.023,,924
S2,S2,925,438.188,,925
S2,S2,926,438.188,,926
S2,S2,927,440.108,,927
S2,S2,928,440.108,,928
S2,S2,929,439.959,,929
S2,S2,930,439.959,,930
S2,S2,931,439.835,,931
S2,S2,932,439.835,,932
S2,S2,933,439.835,,933
S2,S2,934,439.729,,934
S2,S2,935,439.752,,935
S2,S2,936,439.752,,936
S2,S2,937,438.745,,937
S2,S2,938,438.745,,938
S2,S2,939,438.41,,939
S2,S2,940,438.41,,940
S2,S2,941,438.241,,941
S2,S2,942,438.241,,942
S2,S2,943,438.099,,943
S2,S2,944,438.099,,944
S2,S2,945,438.099,,945
S2,S2,946,437.311,,946
S2,S2,947,437.598,,947
S2,S2,948,437.598,,948
S2,S2,949,437.536,,949
S2,S2,950,437.536,,950
S2,S2,951,437.536,,951
S2,S2,952,437.377,,952
S2,S2,953,437.377,,953
S2,S2,954,437.534,,954
S2,S2,955,437.534,,955
S2,S2,956,437.921,,956
S2,S2,957,438.196,,957
S2,S2,958,438.196,,958
S2,S2,959,438.506,,959
S2,S2,960,438.506,,960
S2,S2,961,438.506,,961
S2,S2,962,438.539,,962
S2,S2,963,438.333,,963
S2,S2,964,438.333,,964
S2,S2,965,438.37,,965
S2,S2,966,438.37,,966
S2,S2,967,438.302,,967
S2,S2,968,438.302,,968
S2,S2,969,438.342,,969
S2,S2,970,438.342,,970
S2,S2,971,438.246,,971
S2,S2,972,438.246,,972
S2,S2,973,438.246,,973
S2,S2,974,438.329,,974
S2,S2,975,438.372,,975
S2,S2,976,438.372,,976
S2,S2,977,438.397,,977
S2,S2,978,438.397,,978
S2,S2,979,438.384,,979
S2,S2,980,438.384,,980
S2,S2,981,438.478,,981
S2,S2,982,438.478,,982
S2,S2,983,438.458,,983
S2,S2,984,438.458,,984
S2,S2,985,438.404,,985
S2,S2,986,438.404,,986
S2,S2,987,438.374,,987
S2,S2,988,438.374,,988
S2,S2,989,438.374,,989
S2,S2,990,438.314,,990
S2,S2,991,438.314,,991
S2,S2,992,438.229,,992
S2,S2,993,438.229,,993
S2,S2,994,438.179,,994
S2,S2,995,438.179,,995
S2,S2,996,438.028,,996
S2,S2,997,438.028,,997
S2,S2,998,437.897,,998
S2,S2,999,437.41,,999
S2,S2,1000,437.41,,1000
S2,S2,1001,437.708,,1001
S2,S2,1002,437.708,,1002
S2,S2,1003,437.465,,1003
S2,S2,1004,437.465,,1004
S2,S2,1005,437.379,,1005
S2,S2,1006,437.379,,1006
S2,S2,1007,437.716,,1007
S2,S2,1008,437.716,,1008
S2,S2,1009,437.716,,1009
S2,S2,1010,438.021,,1010
S2,S2,1011,438.28,,1011
S2,S2,1012,438.28,,1012
S2,S2,1013,438.28,,1013
S2,S2,1014,438.224,,1014
S2,S2,1015,438.224,,1015
S2,S2,1016,437.889,,1016
S2,S2,1017,437.643,,1017
S2,S2,1018,437.643,,1018
S2,S2,1019,437.485,,1019
S2,S2,1020,437.485,,1020
S2,S2,1021,437.5,,1021
S2,S2,1022,437.5,,1022
S2,S2,1023,437.5,,1023
S2,S2,1024,437.713,,1024
S2,S2,1025,437.713,,1025
S2,S2,1026,437.518,,1026
S2,S2,1027,437.434,,1027
S2,S2,1028,437.434,,1028
S2,S2,1029,437.59,,1029
S2,S2,1030,437.59,,1030
S2,S2,1031,437.65,,1031
S2,S2,1032,437.65,,1032
S2,S2,1033,437.656,,1033
S2,S2,1034,437.656,,1034
S2,S2,1035,437.581,,1035
S2,S2,1036,437.581,,1036
S2,S2,1037,437.581,,1037
S2,S2,1038,437.681,,1038
S2,S2,1039,437.452,,1039
S2,S2,1040,437.452,,1040
S2,S2,1041,436.95,,1041
S2,S2,1042,436.95,,1042
S2,S2,1043,437.057,,1043
S2,S2,1044,437.057,,1044
S2,S2,1045,436.857,,1045
S2,S2,1046,436.857,,1046
S2,S2,1047,437.73,,1047
S2,S2,1048,437.73,,1048
S2,S2,1049,439.392,,1049
S2,S2,1050,439.392,,1050
S2,S2,1051,439.436,,1051
S2,S2,1052,439.436,,1052
S2,S2,1053,439.436,,1053
S2,S2,1054,439.216,,1054
S2,S2,1055,439.216,,1055
S2,S2,1056,438.864,,1056
S2,S2,1057,438.864,,1057
S2,S2,1058,439.032,,1058
S2,S2,1059,439.125,,1059
S2,S2,1060,439.125,,1060
S2,S2,1061,439.494,,1061
S2,S2,1062,439.494,,1062
S2,S2,1063,439.181,,1063
S2,S2,1064,439.181,,1064
S2,S2,1065,438.155,,1065
S2,S2,1066,438.155,,1066
S2,S2,1067,438.034,,1067
S2,S2,1068,438.034,,1068
S2,S2,1069,438.034,,1069
S2,S2,1070,438.09,,1070
S2,S2,1071,438.09,,1071
S2,S2,1072,437.404,,1072
S2,S2,1073,437.404,,1073
S2,S2,1074,437.185,,1074
S2,S2,1075,437.181,,1075
S2,S2,1076,437.181,,1076
S2,S2,1077,437.412,,1077
S2,S2,1078,437.412,,1078
S2,S2,1079,437.614,,1079
S2,S2,1080,437.614,,1080
S2,S2,1081,437.913,,1081
S2,S2,1082,437.913,,1082
S2,S2,1083,437.761,,1083
S2,S2,1084,437.761,,1084
S2,S2,1085,438.213,,1085
S2,S2,1086,438.213,,1086
S2,S2,1087,438.213,,1087
S2,S2,1088,438.329,,1088
S2,S2,1089,438.329,,1089
S2,S2,1090,438.188,,1090
S2,S2,1091,438.188,,1091
S2,S2,1092,438.193,,1092
S2,S2,1093,438.193,,1093
S2,S2,1094,438.15,,1094
S2,S2,1095,438.15,,1095
S2,S2,1096,438.143,,1096
S2,S2,1097,438.068,,1097
S2,S2,1098,438.068,,1098
S2,S2,1099,437.658,,1099
S2,S2,1100,437.658,,1100
S2,S2,1101,437.658,,1101
S2,S2,1102,437.396,,1102
S2,S2,1103,437.396,,1103
S2,S2,1104,437.909,,1104
S2,S2,1105,437.909,,1105
S2,S2,1106,437.935,,1106
S2,S2,1107,438.074,,1107
S2,S2,1108,438.074,,1108
S2,S2,1109,438.189,,1109
S2,S2,1110,438.189,,1110
S2,S2,1111,438.099,,1111
S2,S2,1112,438.099,,1112
S2,S2,1113,438.099,,1113
S2,S2,1114,437.865,,1114
S2,S2,1115,437.865,,1115
S2,S2,1116,437.939,,1116
S2,S2,1117,437.939,,1117
S2,S2,1118,437.886,,1118
S2,S2,1119,437.632,,1119
S2,S2,1120,437.632,,1120
S2,S2,1121,437.34,,1121
S2,S2,1122,437.34,,1122
S2,S2,1123,437.34,,1123
S2,S2,1124,437.236,,1124
S2,S2,1125,437.236,,1125
S2,S2,1126,437.677,,1126
S2,S2,1127,437.788,,1127
S2,S2,1128,437.788,,1128
S2,S2,1129,438.199,,1129
S2,S2,1130,438.199,,1130
S2,S2,1131,438.199,,1131
S2,S2,1132,438.529,,1132
S2,S2,1133,438.364,,1133
S2,S2,1134,438.364,,1134
S2,S2,1135,438.364,,1135
S2,S2,1136,438.163,,1136
S2,S2,1137,438.163,,1137
S2,S2,1138,437.86,,1138
S2,S2,1139,437.903,,1139
S2,S2,1140,437.903,,1140
S2,S2,1141,437.956,,1141
S2,S2,1142,437.956,,1142
S2,S2,1143,437.863,,1143
S2,S2,1144,437.863,,1144
S2,S2,1145,437.863,,1145
S2,S2,1146,437.997,,1146
S2,S2,1147,437.997,,1147
S2,S2,1148,438.202,,1148
S2,S2,1149,438.202,,1149
S2,S2,1150,438.119,,1150
S2,S2,1151,438.119,,1151
S2,S2,1152,438.206,,1152
S2,S2,1153,438.206,,1153
S2,S2,1154,438.116,,1154
S2,S2,1155,438.116,,1155
S2,S2,1156,437.761,,1156
S2,S2,1157,437.88,,1157
S2,S2,1158,437.88,,1158
S2,S2,1159,437.913,,1159
S2,S2,1160,437.913,,1160
S2,S2,1161,437.913,,1161
S2,S2,1162,437.919,,1162
S2,S2,1163,438.087,,1163
S2,S2,1164,438.087,,1164
S2,S2,1165,438.087,,1165
S2,S2,1166,437.994,,1166
S2,S2,1167,437.994,,1167
S2,S2,1168,437.151,,1168
S2,S2,1169,437.151,,1169
S2,S2,1170,437.139,,1170
S2,S2,1171,437.179,,1171
S2,S2,1172,437.179,,1172
S2,S2,1173,437.996,,1173
S2,S2,1174,437.996,,1174
S2,S2,1175,438.573,,1175
S2,S2,1176,438.573,,1176
S2,S2,1177,438.573,,1177
S2,S2,1178,438.573,,1178
S2,S2,1179,438.573,,1179
S2,S2,1180,438.459,,1180
S2,S2,1181,438.188,,1181
S2,S2,1182,438.188,,1182
S2,S2,1183,438.203,,1183
S2,S2,1184,438.203,,1184
S2,S2,1185,438.058,,1185
S2,S2,1186,438.058,,1186
S2,S2,1187,438.058,,1187
S2,S2,1188,438.199,,1188
S2,S2,1189,438.199,,1189
S2,S2,1190,437.962,,1190
S2,S2,1191,437.962,,1191
S2,S2,1192,437.958,,1192
S2,S2,1193,437.958,,1193
S2,S2,1194,437.991,,1194
S2,S2,1195,437.87,,1195
S2,S2,1196,437.87,,1196
S2,S2,1197,437.289,,1197
S2,S2,1198,437.289,,1198
S2,S2,1199,437.468,,1199
S2,S2,1200,437.468,,1200
S2,S2,1201,437.468,,1201
S2,S2,1202,436.92,,1202
S2,S2,1203,436.92,,1203
S2,S2,1204,436.83,,1204
S2,S2,1205,436.83,,1205
S2,S2,1206,437.147,,1206
S2,S2,1207,438.073,,1207
S2,S2,1208,438.073,,1208
S2,S2,1209,438.323,,1209
S2,S2,1210,438.323,,1210
S2,S2,1211,438.247,,1211
S2,S2,1212,438.247,,1212
S2,S2,1213,437.986,,1213
S2,S2,1214,437.986,,1214
S2,S2,1215,437.986,,1215
S2,S2,1216,437.958,,1216
S2,S2,1217,437.958,,1217
S2,S2,1218,437.955,,1218
S2,S2,1219,437.955,,1219
S2,S2,1220,437.871,,1220
S2,S2,1221,437.871,,1221
S2,S2,1222,437.988,,1222
S2,S2,1223,437.988,,1223
S2,S2,1224,437.829,,1224
S2,S2,1225,437.829,,1225
S2,S2,1226,437.869,,1226
S2,S2,1227,437.636,,1227
S2,S2,1228,437.636,,1228
S2,S2,1229,437.555,,1229
S2,S2,1230,437.555,,1230
S2,S2,1231,437.856,,1231
S2,S2,1232,437.856,,1232
S2,S2,1233,437.602,,1233
S2,S2,1234,437.602,,1234
S2,S2,1235,437.84,,1235
S2,S2,1236,437.84,,1236
S2,S2,1237,437.84,,1237
S2,S2,1238,437.985,,1238
S2,S2,1239,437.985,,1239
S2,S2,1240,437.505,,1240
S2,S2,1241,437.505,,1241
S2,S2,1242,437.953,,1242
S2,S2,1243,437.953,,1243
S2,S2,1244,437.867,,1244
S2,S2,1245,437.867,,1245
S2,S2,1246,437.923,,1246
S2,S2,1247,437.923,,1247
S2,S2,1248,437.354,,1248
S2,S2,1249,437.354,,1249
S2,S2,1250,437.132,,1250
S2,S2,1251,437.132,,1251
S2,S2,1252,437.32,,1252
S2,S2,1253,437.32,,1253
S2,S2,1254,437.8,,1254
S2,S2,1255,437.8,,1255
S2,S2,1256,437.897,,1256
S2,S2,1257,437.897,,1257
S2,S2,1258,438.053,,1258
S2,S2,1259,438.053,,1259
S2,S2,1260,437.97,,1260
S2,S2,1261,437.97,,1261
S2,S2,1262,437.426,,1262
S2,S2,1263,437.426,,1263
S2,S2,1264,436.754,,1264
S2,S2,1265,436.754,,1265
S2,S2,1266,435.611,,1266
S2,S2,1267,435.611,,1267
S2,S2,1268,434.021,,1268
S2,S2,1269,434.021,,1269
S2,S2,1270,430.998,,1270
S2,S2,1271,430.998,,1271
S2,S2,1272,428.62,,1272
S2,S2,1273,428.62,,1273
S2,S2,1274,427.587,,1274
S2,S2,1275,427.587,,1275
S2,S2,1276,427.151,,1276
S2,S2,1277,427.151,,1277
S2,S2,1278,427.192,,1278
S2,S2,1279,427.192,,1279
S2,S2,1280,427.505,,1280
S2,S2,1281,427.505,,1281
S2,S2,1282,429.605,,1282
S2,S2,1283,429.605,,1283
S2,S2,1284,432.661,,1284
S2,S2,1285,435.404,,1285
S2,S2,1286,435.404,,1286
S2,S2,1287,437.002,,1287
S2,S2,1288,437.002,,1288
S2,S2,1289,437.002,,1289
S2,S2,1290,437.406,,1290
S2,S2,1291,437.406,,1291
S2,S2,1292,437.153,,1292
S2,S2,1293,437.153,,1293
S2,S2,1294,436.929,,1294
S2,S2,1295,436.929,,1295
S2,S2,1296,436.68,,1296
S2,S2,1297,436.68,,1297
S2,S2,1298,436.746,,1298
S2,S2,1299,437.681,,1299
S2,S2,1300,437.681,,1300
S2,S2,1301,437.681,,1301
S2,S2,1302,438.149,,1302
S2,S2,1303,438.149,,1303
S2,S2,1304,438.186,,1304
S2,S2,1305,438.186,,1305
S2,S2,1306,437.928,,1306
S2,S2,1307,437.928,,1307
S2,S2,1308,437.934,,1308
S2,S2,1309,437.934,,1309
S2,S2,1310,437.883,,1310
S2,S2,1311,438.066,,1311
S2,S2,1312,438.066,,1312
S2,S2,1313,438.066,,1313
S2,S2,1314,437.902,,1314
S2,S2,1315,437.902,,1315
S2,S2,1316,438.02,,1316
S2,S2,1317,438.02,,1317
S2,S2,1318,438.107,,1318
S2,S2,1319,438.107,,1319
S2,S2,1320,437.938,,1320
S2,S2,1321,438.072,,1321
S2,S2,1322,438.072,,1322
S2,S2,1323,438.072,,1323
S2,S2,1324,438.025,,1324
S2,S2,1325,438.025,,1325
S2,S2,1326,437.775,,1326
S2,S2,1327,437.775,,1327
S2,S2,1328,437.411,,1328
S2,S2,1329,437.411,,1329
S2,S2,1330,436.899,,1330
S2,S2,1331,436.899,,1331
S2,S2,1332,436.976,,1332
S2,S2,1333,436.976,,1333
S2,S2,1334,437.359,,1334
S2,S2,1335,437.359,,1335
S2,S2,1336,437.869,,1336
S2,S2,1337,437.869,,1337
S2,S2,1338,438.247,,1338
S2,S2,1339,438.247,,1339
S2,S2,1340,438.305,,1340
S2,S2,1341,438.164,,1341
S2,S2,1342,438.164,,1342
S2,S2,1343,438.164,,1343
S2,S2,1344,438.106,,1344
S2,S2,1345,437.991,,1345
S2,S2,1346,437.991,,1346
S2,S2,1347,437.991,,1347
S2,S2,1348,437.905,,1348
S2,S2,1349,437.905,,1349
S2,S2,1350,437.918,,1350
S2,S2,1351,437.918,,1351
S2,S2,1352,437.98,,1352
S2,S2,1353,437.98,,1353
S2,S2,1354,438.239,,1354
S2,S2,1355,438.239,,1355
S2,S2,1356,438.301,,1356
S2,S2,1357,438.301,,1357
S2,S2,1358,437.927,,1358
S2,S2,1359,436.985,,1359
S2,S2,1360,436.985,,1360
S2,S2,1361,436.985,,1361
S2,S2,1362,436.361,,1362
S2,S2,1363,436.361,,1363
S2,S2,1364,435.845,,1364
S2,S2,1365,435.845,,1365
S2,S2,1366,436.65,,1366
S2,S2,1367,438.243,,1367
S2,S2,1368,438.243,,1368
S2,S2,1369,438.243,,1369
S2,S2,1370,438.869,,1370
S2,S2,1371,438.869,,1371
S2,S2,1372,438.771,,1372
S2,S2,1373,438.771,,1373
S2,S2,1374,438.539,,1374
S2,S2,1375,438.539,,1375
S2,S2,1376,438.466,,1376
S2,S2,1377,438.466,,1377
S2,S2,1378,438.271,,1378
S2,S2,1379,438.271,,1379
S2,S2,1380,438.226,,1380
S2,S2,1381,438.201,,1381
S2,S2,1382,438.201,,1382
S2,S2,1383,438.201,,1383
S2,S2,1384,438.258,,1384
S2,S2,1385,438.258,,1385
S2,S2,1386,438.195,,1386
S2,S2,1387,438.195,,1387
S2,S2,1388,438.45,,1388
S2,S2,1389,438.45,,1389
S2,S2,1390,438.293,,1390
S2,S2,1391,438.293,,1391
S2,S2,1392,438.091,,1392
S2,S2,1393,438.091,,1393
S2,S2,1394,437.722,,1394
S2,S2,1395,437.722,,1395
S2,S2,1396,437.72,,1396
S2,S2,1397,437.72,,1397
S2,S2,1398,437.67,,1398
S2,S2,1399,437.67,,1399
S2,S2,1400,437.67,,1400
S2,S2,1401,437.67,,1401
S2,S2,1402,437.76,,1402
S2,S2,1403,437.76,,1403
S2,S2,1404,437.733,,1404
S2,S2,1405,437.733,,1405
S2,S2,1406,438.009,,1406
S2,S2,1407,438.009,,1407
S2,S2,1408,438.009,,1408
S2,S2,1409,438.009,,1409
S2,S2,1410,438.009,,1410
S2,S2,1411,438.009,,1411